1553075597.5,0.0,1755,420
1553075597.5,0.1,1781,420
1553075597.5,0.2,1838,420
1553075597.5,0.3,1875,420
1553075597.5,0.4,1910,420
1553075597.5,0.5,1941,420
1553075597.5,0.6,1956,420
1553075597.5,0.7,1970,560
1553075598.2,0.8,1986,560
1553075598.2,0.9,2002,560
1553075598.2,1.0,2023,560
1553075598.2,1.1,2044,560
1553075598.2,1.2,2058,560
1553075598.2,1.3,2073,560
1553075598.2,1.4,2086,700
1553075599.0,1.5,2079,700
1553075599.0,1.6,2030,700
1553075599.0,1.7,1973,700
1553075599.0,1.8,1936,700
1553075599.0,1.9,1920,700
1553075599.0,2.0,1901,700
1553075599.0,2.1,1886,840
1553075600.0,2.2,1873,840
1553075600.0,2.3,1861,840
1553075600.0,2.4,1856,840
1553075600.0,2.5,1849,840
1553075600.0,2.6,1852,840
1553075600.0,2.7,1857,840
1553075600.0,2.8,1871,980
1553075600.5,2.9,1876,980
1553075600.5,3.0,1868,980
1553075600.5,3.1,1860,980
1553075600.5,3.2,1850,980
1553075600.5,3.3,1847,980
1553075600.5,3.4,1844,980
1553075600.5,3.5,1840,1120
1553075601.0,3.6,1840,1120
1553075601.0,3.7,1835,1120
1553075601.0,3.8,1837,1120
1553075601.0,3.9,1838,1120
1553075601.0,4.0,1840,1120
1553075601.0,4.1,1837,1120
1553075601.0,4.2,1828,1260
1553075602.3,4.3,1804,1260
1553075602.3,4.4,1782,1260
1553075602.3,4.5,1766,1260
1553075602.3,4.6,1797,1260
1553075602.3,4.7,1815,1260
1553075602.3,4.8,1823,1260
1553075602.3,4.9,1820,1400
1553075602.5,5.0,1819,1400
1553075602.5,5.1,1818,1400
1553075602.5,5.2,1815,1400
1553075602.5,5.3,1818,1400
1553075602.5,5.4,1816,1400
1553075602.5,5.5,1810,1400
1553075602.5,5.6,1813,1540
1553075603.1,5.7,1813,1540
1553075603.1,5.8,1813,1540
1553075603.1,5.9,1812,1540
1553075603.1,6.0,1812,1540
1553075603.1,6.1,1812,1540
1553075603.1,6.2,1811,1540
1553075603.1,6.3,1810,1680
1553075603.8,6.4,1814,1680
1553075603.8,6.5,1873,1680
1553075603.8,6.6,1944,1680
1553075603.8,6.7,1953,1680
1553075603.8,6.8,1929,1680
1553075603.8,6.9,1887,1680
1553075603.8,7.0,1860,1820
1553075604.6,7.1,1864,1820
1553075604.6,7.2,1878,1820
1553075604.6,7.3,1880,1820
1553075604.6,7.4,1886,1820
1553075604.6,7.5,1881,1820
1553075604.6,7.6,1875,1820
1553075604.6,7.7,1866,1960
1553075605.2,7.8,1881,1960
1553075605.2,7.9,1910,1960
1553075605.2,8.0,1889,1960
1553075605.2,8.1,1817,1960
1553075605.2,8.2,1751,1960
1553075605.2,8.3,1760,1960
1553075605.2,8.4,1768,2100
1553075606.1,8.5,1786,2100
1553075606.1,8.6,1811,2100
1553075606.1,8.7,1820,2100
1553075606.1,8.8,1817,2100
1553075606.1,8.9,1817,2100
1553075606.1,9.0,1819,2100
1553075606.1,9.1,1816,2240
1553075607.0,9.2,1806,2240
1553075607.0,9.3,1787,2240
1553075607.0,9.4,1779,2240
1553075607.0,9.5,1757,2240
1553075607.0,9.6,1731,2240
1553075607.0,9.7,1725,2240
1553075607.0,9.8,1715,2380
1553075607.3,9.9,1708,2380
1553075607.3,10.0,1713,2380
1553075607.3,10.1,1720,2380
1553075607.3,10.2,1718,2380
1553075607.3,10.3,1730,2380
1553075607.3,10.4,1755,2380
1553075607.3,10.5,1785,2520
1553075608.2,10.6,1797,2520
1553075608.2,10.7,1805,2520
1553075608.2,10.8,1837,2520
1553075608.2,10.9,1840,2520
1553075608.2,11.0,1844,2520
1553075608.2,11.1,1852,2520
1553075608.2,11.2,1845,2660
1553075608.8,11.3,1837,2660
1553075608.8,11.4,1838,2660
1553075608.8,11.5,1836,2660
1553075608.8,11.6,1834,2660
1553075608.8,11.7,1826,2660
1553075608.8,11.8,1822,2660
1553075608.8,11.9,1828,2800
1553075609.4,12.0,1839,2800
1553075609.4,12.1,1854,2800
1553075609.4,12.2,1863,2800
1553075609.4,12.3,1853,2800
1553075609.4,12.4,1843,2800
1553075609.4,12.5,1844,2800
1553075609.4,12.6,1849,3080
1553075611.0,12.7,1844,3080
1553075611.0,12.8,1829,3080
1553075611.0,12.9,1816,3080
1553075611.0,13.0,1808,3080
1553075611.0,13.1,1803,3080
1553075611.0,13.2,1809,3080
1553075611.0,13.3,1821,3220
1553075611.6,13.4,1828,3220
1553075611.6,13.5,1833,3220
1553075611.6,13.6,1831,3220
1553075611.6,13.7,1836,3220
1553075611.6,13.8,1841,3220
1553075611.6,13.9,1852,3220
1553075611.6,14.0,1866,3360
1553075612.2,14.1,1868,3360
1553075612.2,14.2,1879,3360
1553075612.2,14.3,1858,3360
1553075612.2,14.4,1844,3360
1553075612.2,14.5,1873,3360
1553075612.2,14.6,1930,3360
1553075612.2,14.7,1934,3500
1553075612.9,14.8,1928,3500
1553075612.9,14.9,1953,3500
1553075612.9,15.0,1947,3500
1553075612.9,15.1,1942,3500
1553075612.9,15.2,1937,3500
1553075612.9,15.3,1936,3500
1553075612.9,15.4,1934,3640
1553075613.7,15.5,1940,3640
1553075613.7,15.6,1950,3640
1553075613.7,15.7,1959,3640
1553075613.7,15.8,1945,3640
1553075613.7,15.9,1934,3640
1553075613.7,16.0,1930,3640
1553075613.7,16.1,1932,3780
1553075614.3,16.2,1933,3780
1553075614.3,16.3,1947,3780
1553075614.3,16.4,1952,3780
1553075614.3,16.5,1948,3780
1553075614.3,16.6,1942,3780
1553075614.3,16.7,1938,3780
1553075614.3,16.8,1934,3920
1553075615.0,16.9,1934,3920
1553075615.0,17.0,1934,3920
1553075615.0,17.1,1941,3920
1553075615.0,17.2,1940,3920
1553075615.0,17.3,1931,3920
1553075615.0,17.4,1923,3920
1553075615.0,17.5,1919,4060
1553075615.9,17.6,1911,4060
1553075615.9,17.7,1908,4060
1553075615.9,17.8,1914,4060
1553075615.9,17.9,1922,4060
1553075615.9,18.0,1916,4060
1553075615.9,18.1,1893,4060
1553075615.9,18.2,1885,4200
1553075616.4,18.3,1882,4200
1553075616.4,18.4,1898,4200
1553075616.4,18.5,1928,4200
1553075616.4,18.6,1941,4200
1553075616.4,18.7,1937,4200
1553075616.4,18.8,1928,4200
1553075616.4,18.9,1964,4480
1553075618.1,19.0,1981,4480
1553075618.1,19.1,1999,4480
1553075618.1,19.2,2004,4480
1553075618.1,19.3,2007,4480
1553075618.1,19.4,2008,4480
1553075618.1,19.5,2010,4480
1553075618.1,19.6,2015,4620
1553075618.8,19.7,2005,4620
1553075618.8,19.8,1945,4620
1553075618.8,19.9,1858,4620
1553075618.8,20.0,1836,4620
1553075618.8,20.1,1859,4620
1553075618.8,20.2,1853,4620
1553075618.8,20.3,1841,4760
1553075619.2,20.4,1830,4760
1553075619.2,20.5,1827,4760
1553075619.2,20.6,1843,4760
1553075619.2,20.7,1865,4760
1553075619.2,20.8,1868,4760
1553075619.2,20.9,1865,4760
1553075619.2,21.0,1838,4900
1553075620.0,21.1,1794,4900
1553075620.0,21.2,1802,4900
1553075620.0,21.3,1814,4900
1553075620.0,21.4,1821,4900
1553075620.0,21.5,1813,4900
1553075620.0,21.6,1807,4900
1553075620.0,21.7,1795,5040
1553075620.8,21.8,1784,5040
1553075620.8,21.9,1792,5040
1553075620.8,22.0,1817,5040
1553075620.8,22.1,1837,5040
1553075620.8,22.2,1836,5040
1553075620.8,22.3,1824,5040
1553075620.8,22.4,1813,5180
1553075621.3,22.5,1857,5180
1553075621.3,22.6,1879,5180
1553075621.3,22.7,1873,5180
1553075621.3,22.8,1881,5180
1553075621.3,22.9,1894,5180
1553075621.3,23.0,1903,5180
1553075621.3,23.1,1901,5320
1553075622.0,23.2,1896,5320
1553075622.0,23.3,1893,5320
1553075622.0,23.4,1898,5320
1553075622.0,23.5,1903,5320
1553075622.0,23.6,1906,5320
1553075622.0,23.7,1905,5320
1553075622.0,23.8,1899,5460
1553075622.7,23.9,1899,5460
1553075622.7,24.0,1897,5460
1553075622.7,24.1,1898,5460
1553075622.7,24.2,1910,5460
1553075622.7,24.3,1904,5460
1553075622.7,24.4,1884,5460
1553075622.7,24.5,1837,5740
1553075624.1,24.6,1847,5740
1553075624.1,24.7,1846,5740
1553075624.1,24.8,1833,5740
1553075624.1,24.9,1833,5740
1553075624.1,25.0,1866,5740
1553075624.1,25.1,1888,5740
1553075624.1,25.2,1886,5880
1553075624.9,25.3,1879,5880
1553075624.9,25.4,1878,5880
1553075624.9,25.5,1879,5880
1553075624.9,25.6,1896,5880
1553075624.9,25.7,1926,5880
1553075624.9,25.8,1927,5880
1553075624.9,25.9,1917,6020
1553075625.5,26.0,1908,6020
1553075625.5,26.1,1884,6020
1553075625.5,26.2,1867,6020
1553075625.5,26.3,1879,6020
1553075625.5,26.4,1910,6020
1553075625.5,26.5,1938,6020
1553075625.5,26.6,1938,6160
1553075626.5,26.7,1929,6160
1553075626.5,26.8,1925,6160
1553075626.5,26.9,1925,6160
1553075626.5,27.0,1917,6160
1553075626.5,27.1,1912,6160
1553075626.5,27.2,1909,6160
1553075626.5,27.3,1917,6300
1553075626.9,27.4,1924,6300
1553075626.9,27.5,1929,6300
1553075626.9,27.6,1919,6300
1553075626.9,27.7,1920,6300
1553075626.9,27.8,1918,6300
1553075626.9,27.9,1931,6300
1553075626.9,28.0,1865,6580
1553075628.3,28.1,1821,6580
1553075628.3,28.2,1782,6580
1553075628.3,28.3,1740,6580
1553075628.3,28.4,1734,6580
1553075628.3,28.5,1768,6580
1553075628.3,28.6,1787,6580
1553075628.3,28.7,1801,6720
1553075629.2,28.8,1812,6720
1553075629.2,28.9,1812,6720
1553075629.2,29.0,1804,6720
1553075629.2,29.1,1795,6720
1553075629.2,29.2,1790,6720
1553075629.2,29.3,1801,6720
1553075629.2,29.4,1990,7000
1553075630.4,29.5,1984,7000
1553075630.4,29.6,1971,7000
1553075630.4,29.7,1953,7000
1553075630.4,29.8,1946,7000
1553075630.4,29.9,1952,7000
1553075630.4,30.0,1974,7000
1553075630.4,30.1,1938,7280
1553075631.8,30.2,1936,7280
1553075631.8,30.3,1935,7280
1553075631.8,30.4,1930,7280
1553075631.8,30.5,1930,7280
1553075631.8,30.6,1930,7280
1553075631.8,30.7,1930,7280
1553075631.8,30.8,1933,7420
1553075632.5,30.9,1935,7420
1553075632.5,31.0,1935,7420
1553075632.5,31.1,1931,7420
1553075632.5,31.2,1927,7420
1553075632.5,31.3,1932,7420
1553075632.5,31.4,1943,7420
1553075632.5,31.5,1954,7560
1553075633.5,31.6,1957,7560
1553075633.5,31.7,1951,7560
1553075633.5,31.8,1944,7560
1553075633.5,31.9,1944,7560
1553075633.5,32.0,1938,7560
1553075633.5,32.1,1932,7560
1553075633.5,32.2,1934,7700
1553075633.9,32.3,1919,7700
1553075633.9,32.4,1904,7700
1553075633.9,32.5,1891,7700
1553075633.9,32.6,1876,7700
1553075633.9,32.7,1875,7700
1553075633.9,32.8,1883,7700
1553075633.9,32.9,1892,7840
1553075634.8,33.0,1897,7840
1553075634.8,33.1,1899,7840
1553075634.8,33.2,1896,7840
1553075634.8,33.3,1887,7840
1553075634.8,33.4,1881,7840
1553075634.8,33.5,1882,7840
1553075634.8,33.6,1890,7980
1553075635.3,33.7,1907,7980
1553075635.3,33.8,1916,7980
1553075635.3,33.9,1917,7980
1553075635.3,34.0,1919,7980
1553075635.3,34.1,1918,7980
1553075635.3,34.2,1917,7980
1553075635.3,34.3,1929,8120
1553075636.2,34.4,1944,8120
1553075636.2,34.5,1943,8120
1553075636.2,34.6,1931,8120
1553075636.2,34.7,1923,8120
1553075636.2,34.8,1917,8120
1553075636.2,34.9,1921,8120
1553075636.2,35.0,1927,8260
1553075637.0,35.1,1928,8260
1553075637.0,35.2,1923,8260
1553075637.0,35.3,1910,8260
1553075637.0,35.4,1882,8260
1553075637.0,35.5,1859,8260
1553075637.0,35.6,1856,8260
1553075637.0,35.7,1858,8400
1553075637.4,35.8,1857,8400
1553075637.4,35.9,1843,8400
1553075637.4,36.0,1833,8400
1553075637.4,36.1,1821,8400
1553075637.4,36.2,1816,8400
1553075637.4,36.3,1819,8400
1553075637.4,36.4,1838,8680
1553075638.8,36.5,1838,8680
1553075638.8,36.6,1836,8680
1553075638.8,36.7,1831,8680
1553075638.8,36.8,1832,8680
1553075638.8,36.9,1838,8680
1553075638.8,37.0,1844,8680
1553075638.8,37.1,1859,8820
1553075639.5,37.2,1868,8820
1553075639.5,37.3,1874,8820
1553075639.5,37.4,1877,8820
1553075639.5,37.5,1876,8820
1553075639.5,37.6,1871,8820
1553075639.5,37.7,1868,8820
1553075639.5,37.8,1871,8960
1553075640.3,37.9,1873,8960
1553075640.3,38.0,1875,8960
1553075640.3,38.1,1875,8960
1553075640.3,38.2,1876,8960
1553075640.3,38.3,1879,8960
1553075640.3,38.4,1877,8960
1553075640.3,38.5,1880,9100
1553075641.0,38.6,1880,9100
1553075641.0,38.7,1878,9100
1553075641.0,38.8,1861,9100
1553075641.0,38.9,1776,9100
1553075641.0,39.0,1751,9100
1553075641.0,39.1,1764,9100
1553075641.0,39.2,1798,9380
1553075642.3,39.3,1801,9380
1553075642.3,39.4,1807,9380
1553075642.3,39.5,1806,9380
1553075642.3,39.6,1812,9380
1553075642.3,39.7,1848,9380
1553075642.3,39.8,1866,9380
1553075642.3,39.9,1860,9520
1553075643.0,40.0,1867,9520
1553075643.0,40.1,1875,9520
1553075643.0,40.2,1871,9520
1553075643.0,40.3,1871,9520
1553075643.0,40.4,1871,9520
1553075643.0,40.5,1870,9520
1553075643.0,40.6,1872,9660
1553075643.7,40.7,1869,9660
1553075643.7,40.8,1873,9660
1553075643.7,40.9,1873,9660
1553075643.7,41.0,1896,9660
1553075643.7,41.1,1944,9660
1553075643.7,41.2,1994,9660
1553075643.7,41.3,2012,9800
1553075644.4,41.4,1979,9800
1553075644.4,41.5,1969,9800
1553075644.4,41.6,1977,9800
1553075644.4,41.7,1980,9800
1553075644.4,41.8,1973,9800
1553075644.4,41.9,1965,9800
1553075644.4,42.0,1959,9940
1553075645.1,42.1,1962,9940
1553075645.1,42.2,1974,9940
1553075645.1,42.3,1972,9940
1553075645.1,42.4,1960,9940
1553075645.1,42.5,1950,9940
1553075645.1,42.6,1948,9940
1553075645.1,42.7,1959,10220
1553075646.5,42.8,1962,10220
1553075646.5,42.9,1970,10220
1553075646.5,43.0,1973,10220
1553075646.5,43.1,1962,10220
1553075646.5,43.2,1943,10220
1553075646.5,43.3,1944,10220
1553075646.5,43.4,1940,10360
1553075647.2,43.5,1946,10360
1553075647.2,43.6,1949,10360
1553075647.2,43.7,1953,10360
1553075647.2,43.8,1957,10360
1553075647.2,43.9,1950,10360
1553075647.2,44.0,1949,10360
1553075647.2,44.1,1960,10640
1553075648.6,44.2,1968,10640
1553075648.6,44.3,1976,10640
1553075648.6,44.4,1986,10640
1553075648.6,44.5,1984,10640
1553075648.6,44.6,1981,10640
1553075648.6,44.7,1979,10640
1553075648.6,44.8,1967,10780
1553075649.3,44.9,1960,10780
1553075649.3,45.0,1965,10780
1553075649.3,45.1,1977,10780
1553075649.3,45.2,1974,10780
1553075649.3,45.3,1963,10780
1553075649.3,45.4,1955,10780
1553075649.3,45.5,1953,10920
1553075650.0,45.6,1957,10920
1553075650.0,45.7,1965,10920
1553075650.0,45.8,1979,10920
1553075650.0,45.9,1977,10920
1553075650.0,46.0,1973,10920
1553075650.0,46.1,1965,10920
1553075650.0,46.2,2008,11200
1553075651.4,46.3,2023,11200
1553075651.4,46.4,2057,11200
1553075651.4,46.5,2060,11200
1553075651.4,46.6,2035,11200
1553075651.4,46.7,2021,11200
1553075651.4,46.8,2030,11200
1553075651.4,46.9,2011,11340
1553075652.1,47.0,1971,11340
1553075652.1,47.1,1945,11340
1553075652.1,47.2,1930,11340
1553075652.1,47.3,1915,11340
1553075652.1,47.4,1894,11340
1553075652.1,47.5,1887,11340
1553075652.1,47.6,1911,11480
1553075653.0,47.7,1925,11480
1553075653.0,47.8,1901,11480
1553075653.0,47.9,1884,11480
1553075653.0,48.0,1875,11480
1553075653.0,48.1,1877,11480
1553075653.0,48.2,1870,11480
1553075653.0,48.3,1712,11900
1553075655.1,48.4,1711,11900
1553075655.1,48.5,1710,11900
1553075655.1,48.6,1715,11900
1553075655.1,48.7,1724,11900
1553075655.1,48.8,1729,11900
1553075655.1,48.9,1724,11900
1553075655.1,49.0,1777,12180
1553075656.3,49.1,1793,12180
1553075656.3,49.2,1793,12180
1553075656.3,49.3,1772,12180
1553075656.3,49.4,1712,12180
1553075656.3,49.5,1703,12180
1553075656.3,49.6,1720,12180
1553075656.3,49.7,1751,12320
1553075657.0,49.8,1775,12320
1553075657.0,49.9,1803,12320
1553075657.0,50.0,1832,12320
1553075657.0,50.1,1852,12320
1553075657.0,50.2,1878,12320
1553075657.0,50.3,1888,12320
1553075657.0,50.4,1875,12460
1553075657.7,50.5,1869,12460
1553075657.7,50.6,1867,12460
1553075657.7,50.7,1853,12460
1553075657.7,50.8,1841,12460
1553075657.7,50.9,1857,12460
1553075657.7,51.0,1866,12460
1553075657.7,51.1,1889,12600
1553075658.6,51.2,1906,12600
1553075658.6,51.3,1899,12600
1553075658.6,51.4,1886,12600
1553075658.6,51.5,1887,12600
1553075658.6,51.6,1888,12600
1553075658.6,51.7,1883,12600
1553075658.6,51.8,1878,12740
1553075659.1,51.9,1880,12740
1553075659.1,52.0,1880,12740
1553075659.1,52.1,1885,12740
1553075659.1,52.2,1901,12740
1553075659.1,52.3,1918,12740
1553075659.1,52.4,1928,12740
1553075659.1,52.5,1931,13020
1553075661.4,52.6,1933,13020
1553075661.4,52.7,1932,13020
1553075661.4,52.8,1929,13020
1553075661.4,52.9,1923,13020
1553075661.4,53.0,1913,13020
1553075661.4,53.1,1916,13020
1553075661.4,53.2,1894,13720
1553075664.0,53.3,1875,13720
1553075664.0,53.4,1821,13720
1553075664.0,53.5,1814,13720
1553075664.0,53.6,1869,13720
1553075664.0,53.7,1878,13720
1553075664.0,53.8,1878,13720
1553075664.0,53.9,1873,13860
1553075665.1,54.0,1869,13860
1553075665.1,54.1,1876,13860
1553075665.1,54.2,1877,13860
1553075665.1,54.3,1886,13860
1553075665.1,54.4,1892,13860
1553075665.1,54.5,1887,13860
1553075665.1,54.6,1880,14000
1553075665.4,54.7,1856,14000
1553075665.4,54.8,1877,14000
1553075665.4,54.9,1907,14000
1553075665.4,55.0,1905,14000
1553075665.4,55.1,1909,14000
1553075665.4,55.2,1917,14000
1553075665.4,55.3,1914,14140
1553075666.1,55.4,1915,14140
1553075666.1,55.5,1910,14140
1553075666.1,55.6,1915,14140
1553075666.1,55.7,1918,14140
1553075666.1,55.8,1917,14140
1553075666.1,55.9,1918,14140
1553075666.1,56.0,1916,14280
1553075667.7,56.1,1919,14280
1553075667.7,56.2,1925,14280
1553075667.7,56.3,1933,14280
1553075667.7,56.4,1917,14280
1553075667.7,56.5,1913,14280
1553075667.7,56.6,1912,14280
1553075667.7,56.7,1894,14560
1553075668.2,56.8,1898,14560
1553075668.2,56.9,1894,14560
1553075668.2,57.0,1888,14560
1553075668.2,57.1,1884,14560
1553075668.2,57.2,1883,14560
1553075668.2,57.3,1885,14560
1553075668.2,57.4,1885,14700
1553075668.9,57.5,1880,14700
1553075668.9,57.6,1881,14700
1553075668.9,57.7,1885,14700
1553075668.9,57.8,1890,14700
1553075668.9,57.9,1893,14700
1553075668.9,58.0,1895,14700
1553075668.9,58.1,1866,15260
1553075671.7,58.2,1870,15260
1553075671.7,58.3,1862,15260
1553075671.7,58.4,1850,15260
1553075671.7,58.5,1849,15260
1553075671.7,58.6,1857,15260
1553075671.7,58.7,1862,15260
1553075671.7,58.8,1856,15540
1553075673.3,58.9,1841,15540
1553075673.3,59.0,1837,15540
1553075673.3,59.1,1876,15540
1553075673.3,59.2,1902,15540
1553075673.3,59.3,1894,15540
1553075673.3,59.4,1853,15540
1553075673.3,59.5,1833,15680
1553075673.8,59.6,1865,15680
1553075673.8,59.7,1891,15680
1553075673.8,59.8,1909,15680
1553075673.8,59.9,1938,15680
1553075673.8,60.0,1968,15680
1553075673.8,60.1,1984,15680
1553075673.8,60.2,1971,15820
1553075674.5,60.3,1944,15820
1553075674.5,60.4,1921,15820
1553075674.5,60.5,1911,15820
1553075674.5,60.6,1898,15820
1553075674.5,60.7,1891,15820
1553075674.5,60.8,1885,15820
1553075674.5,60.9,1876,15960
1553075675.4,61.0,1877,15960
1553075675.4,61.1,1881,15960
1553075675.4,61.2,1890,15960
1553075675.4,61.3,1902,15960
1553075675.4,61.4,1937,15960
1553075675.4,61.5,1957,15960
1553075675.4,61.6,1931,16100
1553075675.9,61.7,1915,16100
1553075675.9,61.8,1931,16100
1553075675.9,61.9,1923,16100
1553075675.9,62.0,1916,16100
1553075675.9,62.1,1913,16100
1553075675.9,62.2,1911,16100
1553075675.9,62.3,1908,16240
1553075676.8,62.4,1924,16240
1553075676.8,62.5,1929,16240
1553075676.8,62.6,1930,16240
1553075676.8,62.7,1930,16240
1553075676.8,62.8,1929,16240
1553075676.8,62.9,1923,16240
1553075676.8,63.0,1921,16380
1553075677.5,63.1,1915,16380
1553075677.5,63.2,1910,16380
1553075677.5,63.3,1922,16380
1553075677.5,63.4,1934,16380
1553075677.5,63.5,1928,16380
1553075677.5,63.6,1923,16380
1553075677.5,63.7,1924,16520
1553075677.9,63.8,1920,16520
1553075677.9,63.9,1923,16520
1553075677.9,64.0,1916,16520
1553075677.9,64.1,1912,16520
1553075677.9,64.2,1914,16520
1553075677.9,64.3,1907,16520
1553075677.9,64.4,1903,16660
1553075678.8,64.5,1904,16660
1553075678.8,64.6,1906,16660
1553075678.8,64.7,1912,16660
1553075678.8,64.8,1909,16660
1553075678.8,64.9,1916,16660
1553075678.8,65.0,1932,16660
1553075678.8,65.1,1849,16940
1553075680.0,65.2,1881,16940
1553075680.0,65.3,1895,16940
1553075680.0,65.4,1889,16940
1553075680.0,65.5,1875,16940
1553075680.0,65.6,1855,16940
1553075680.0,65.7,1844,16940
1553075680.0,65.8,1928,17220
1553075681.5,65.9,1918,17220
1553075681.5,66.0,1936,17220
1553075681.5,66.1,1953,17220
1553075681.5,66.2,1947,17220
1553075681.5,66.3,1942,17220
1553075681.5,66.4,1938,17220
1553075681.5,66.5,1928,17360
1553075682.1,66.6,1928,17360
1553075682.1,66.7,1927,17360
1553075682.1,66.8,1930,17360
1553075682.1,66.9,1933,17360
1553075682.1,67.0,1927,17360
1553075682.1,67.1,1925,17360
1553075682.1,67.2,1927,17500
1553075682.9,67.3,1941,17500
1553075682.9,67.4,1967,17500
1553075682.9,67.5,1974,17500
1553075682.9,67.6,1961,17500
1553075682.9,67.7,1947,17500
1553075682.9,67.8,1929,17500
1553075682.9,67.9,1920,17640
1553075684.2,68.0,1923,17640
1553075684.2,68.1,1930,17640
1553075684.2,68.2,1936,17640
1553075684.2,68.3,1940,17640
1553075684.2,68.4,1931,17640
1553075684.2,68.5,1922,17640
1553075684.2,68.6,1906,18060
1553075685.7,68.7,1901,18060
1553075685.7,68.8,1900,18060
1553075685.7,68.9,1916,18060
1553075685.7,69.0,1929,18060
1553075685.7,69.1,1933,18060
1553075685.7,69.2,1928,18060
1553075685.7,69.3,1930,18200
1553075686.7,69.4,1936,18200
1553075686.7,69.5,1938,18200
1553075686.7,69.6,1952,18200
1553075686.7,69.7,1975,18200
1553075686.7,69.8,2001,18200
1553075686.7,69.9,2032,18200
1553075686.7,70.0,2055,18340
1553075687.4,70.1,2029,18340
1553075687.4,70.2,1981,18340
1553075687.4,70.3,1965,18340
1553075687.4,70.4,1948,18340
1553075687.4,70.5,1933,18340
1553075687.4,70.6,1914,18340
1553075687.4,70.7,1908,18480
1553075687.9,70.8,1902,18480
1553075687.9,70.9,1899,18480
1553075687.9,71.0,1897,18480
1553075687.9,71.1,1896,18480
1553075687.9,71.2,1898,18480
1553075687.9,71.3,1896,18480
1553075687.9,71.4,1895,18620
1553075688.5,71.5,1897,18620
1553075688.5,71.6,1908,18620
1553075688.5,71.7,1914,18620
1553075688.5,71.8,1920,18620
1553075688.5,71.9,1924,18620
1553075688.5,72.0,1918,18620
1553075688.5,72.1,1951,19040
1553075691.2,72.2,1949,19040
1553075691.2,72.3,1945,19040
1553075691.2,72.4,1946,19040
1553075691.2,72.5,1947,19040
1553075691.2,72.6,1950,19040
1553075691.2,72.7,1950,19040
1553075691.2,72.8,1948,19180
1553075691.5,72.9,1943,19180
1553075691.5,73.0,1936,19180
1553075691.5,73.1,1929,19180
1553075691.5,73.2,1924,19180
1553075691.5,73.3,1935,19180
1553075691.5,73.4,1941,19180
1553075691.5,73.5,1936,19320
1553075692.6,73.6,1959,19320
1553075692.6,73.7,1973,19320
1553075692.6,73.8,1978,19320
1553075692.6,73.9,1974,19320
1553075692.6,74.0,1958,19320
1553075692.6,74.1,1935,19320
1553075692.6,74.2,1920,19460
1553075692.9,74.3,1914,19460
1553075692.9,74.4,1917,19460
1553075692.9,74.5,1931,19460
1553075692.9,74.6,1957,19460
1553075692.9,74.7,1956,19460
1553075692.9,74.8,1951,19460
1553075692.9,74.9,1927,19600
1553075693.4,75.0,1905,19600
1553075693.4,75.1,1906,19600
1553075693.4,75.2,1907,19600
1553075693.4,75.3,1925,19600
1553075693.4,75.4,1952,19600
1553075693.4,75.5,1954,19600
1553075693.4,75.6,1946,19740
1553075694.1,75.7,1951,19740
1553075694.1,75.8,1951,19740
1553075694.1,75.9,1941,19740
1553075694.1,76.0,1940,19740
1553075694.1,76.1,1935,19740
1553075694.1,76.2,1923,19740
1553075694.1,76.3,1921,19880
1553075695.0,76.4,1912,19880
1553075695.0,76.5,1904,19880
1553075695.0,76.6,1903,19880
1553075695.0,76.7,1902,19880
1553075695.0,76.8,1914,19880
1553075695.0,76.9,1919,19880
1553075695.0,77.0,1913,20020
1553075695.4,77.1,1911,20020
1553075695.4,77.2,1905,20020
1553075695.4,77.3,1902,20020
1553075695.4,77.4,1909,20020
1553075695.4,77.5,1942,20020
1553075695.4,77.6,1954,20020
1553075695.4,77.7,1954,20160
1553075696.6,77.8,1948,20160
1553075696.6,77.9,1945,20160
1553075696.6,78.0,1941,20160
1553075696.6,78.1,1945,20160
1553075696.6,78.2,1948,20160
1553075696.6,78.3,1935,20160
1553075696.6,78.4,1916,20300
1553075696.8,78.5,1890,20300
1553075696.8,78.6,1868,20300
1553075696.8,78.7,1865,20300
1553075696.8,78.8,1864,20300
1553075696.8,78.9,1873,20300
1553075696.8,79.0,1867,20300
1553075696.8,79.1,1824,21000
1553075700.4,79.2,1676,21000
1553075700.4,79.3,1629,21000
1553075700.4,79.4,1618,21000
1553075700.4,79.5,1604,21000
1553075700.4,79.6,1604,21000
1553075700.4,79.7,1598,21000
1553075700.4,79.8,1583,21140
1553075701.2,79.9,1567,21140
1553075701.2,80.0,1584,21140
1553075701.2,80.1,1611,21140
1553075701.2,80.2,1637,21140
1553075701.2,80.3,1662,21140
1553075701.2,80.4,1682,21140
1553075701.2,80.5,1703,21280
1553075702.0,80.6,1742,21280
1553075702.0,80.7,1766,21280
1553075702.0,80.8,1784,21280
1553075702.0,80.9,1787,21280
1553075702.0,81.0,1772,21280
1553075702.0,81.1,1760,21280
1553075702.0,81.2,1762,21420
1553075703.0,81.3,1768,21420
1553075703.0,81.4,1781,21420
1553075703.0,81.5,1806,21420
1553075703.0,81.6,1817,21420
1553075703.0,81.7,1812,21420
1553075703.0,81.8,1808,21420
1553075703.0,81.9,1823,21560
1553075703.4,82.0,1830,21560
1553075703.4,82.1,1843,21560
1553075703.4,82.2,1846,21560
1553075703.4,82.3,1848,21560
1553075703.4,82.4,1856,21560
1553075703.4,82.5,1849,21560
1553075703.4,82.6,1863,21700
1553075704.2,82.7,1870,21700
1553075704.2,82.8,1860,21700
1553075704.2,82.9,1824,21700
1553075704.2,83.0,1808,21700
1553075704.2,83.1,1814,21700
1553075704.2,83.2,1841,21700
1553075704.2,83.3,1836,21840
1553075704.8,83.4,1783,21840
1553075704.8,83.5,1758,21840
1553075704.8,83.6,1761,21840
1553075704.8,83.7,1768,21840
1553075704.8,83.8,1765,21840
1553075704.8,83.9,1764,21840
1553075704.8,84.0,1765,21980
1553075705.3,84.1,1773,21980
1553075705.3,84.2,1794,21980
1553075705.3,84.3,1834,21980
1553075705.3,84.4,1856,21980
1553075705.3,84.5,1873,21980
1553075705.3,84.6,1902,21980
1553075705.3,84.7,1935,22120
1553075706.3,84.8,1970,22120
1553075706.3,84.9,2017,22120
1553075706.3,85.0,2092,22120
1553075706.3,85.1,2169,22120
1553075706.3,85.2,2155,22120
1553075706.3,85.3,2061,22120
1553075706.3,85.4,1927,22260
1553075706.7,85.5,1874,22260
1553075706.7,85.6,1848,22260
1553075706.7,85.7,1819,22260
1553075706.7,85.8,1817,22260
1553075706.7,85.9,1826,22260
1553075706.7,86.0,1829,22260
1553075706.7,86.1,1825,22400
1553075707.5,86.2,1828,22400
1553075707.5,86.3,1835,22400
1553075707.5,86.4,1831,22400
1553075707.5,86.5,1820,22400
1553075707.5,86.6,1805,22400
1553075707.5,86.7,1784,22400
1553075707.5,86.8,1775,22540
1553075708.0,86.9,1771,22540
1553075708.0,87.0,1763,22540
1553075708.0,87.1,1755,22540
1553075708.0,87.2,1745,22540
1553075708.0,87.3,1737,22540
1553075708.0,87.4,1722,22540
1553075708.0,87.5,1707,22680
1553075708.8,87.6,1682,22680
1553075708.8,87.7,1679,22680
1553075708.8,87.8,1683,22680
1553075708.8,87.9,1682,22680
1553075708.8,88.0,1690,22680
1553075708.8,88.1,1683,22680
1553075708.8,88.2,1672,22820
1553075709.7,88.3,1675,22820
1553075709.7,88.4,1661,22820
1553075709.7,88.5,1659,22820
1553075709.7,88.6,1664,22820
1553075709.7,88.7,1666,22820
1553075709.7,88.8,1670,22820
1553075709.7,88.9,1683,22960
1553075710.9,89.0,1685,22960
1553075710.9,89.1,1686,22960
1553075710.9,89.2,1695,22960
1553075710.9,89.3,1693,22960
1553075710.9,89.4,1696,22960
1553075710.9,89.5,1709,22960
1553075710.9,89.6,1713,23100
1553075711.1,89.7,1709,23100
1553075711.1,89.8,1716,23100
1553075711.1,89.9,1712,23100
1553075711.1,90.0,1710,23100
1553075711.1,90.1,1730,23100
1553075711.1,90.2,1735,23100
1553075711.1,90.3,1730,23240
1553075711.5,90.4,1732,23240
1553075711.5,90.5,1734,23240
1553075711.5,90.6,1745,23240
1553075711.5,90.7,1769,23240
1553075711.5,90.8,1836,23240
1553075711.5,90.9,1861,23240
1553075711.5,91.0,1873,23380
1553075712.5,91.1,1874,23380
1553075712.5,91.2,1858,23380
1553075712.5,91.3,1828,23380
1553075712.5,91.4,1798,23380
1553075712.5,91.5,1798,23380
1553075712.5,91.6,1840,23380
1553075712.5,91.7,1841,23520
1553075713.0,91.8,1837,23520
1553075713.0,91.9,1852,23520
1553075713.0,92.0,1861,23520
1553075713.0,92.1,1882,23520
1553075713.0,92.2,1907,23520
1553075713.0,92.3,1923,23520
1553075713.0,92.4,1900,23660
1553075713.7,92.5,1863,23660
1553075713.7,92.6,1865,23660
1553075713.7,92.7,1883,23660
1553075713.7,92.8,1906,23660
1553075713.7,92.9,1873,23660
1553075713.7,93.0,1836,23660
1553075713.7,93.1,1812,23800
1553075715.8,93.2,1802,23800
1553075715.8,93.3,1810,23800
1553075715.8,93.4,1809,23800
1553075715.8,93.5,1808,23800
1553075715.8,93.6,1852,23800
1553075715.8,93.7,1907,23800
1553075715.8,93.8,1790,24220
1553075716.5,93.9,1769,24220
1553075716.5,94.0,1766,24220
1553075716.5,94.1,1772,24220
1553075716.5,94.2,1777,24220
1553075716.5,94.3,1767,24220
1553075716.5,94.4,1755,24220
1553075716.5,94.5,1817,24500
1553075717.9,94.6,1796,24500
1553075717.9,94.7,1811,24500
1553075717.9,94.8,1822,24500
1553075717.9,94.9,1834,24500
1553075717.9,95.0,1846,24500
1553075717.9,95.1,1834,24500
1553075717.9,95.2,1824,25060
1553075720.6,95.3,1847,25060
1553075720.6,95.4,1843,25060
1553075720.6,95.5,1849,25060
1553075720.6,95.6,1850,25060
1553075720.6,95.7,1846,25060
1553075720.6,95.8,1841,25060
1553075720.6,95.9,1835,25200
1553075721.4,96.0,1838,25200
1553075721.4,96.1,1842,25200
1553075721.4,96.2,1847,25200
1553075721.4,96.3,1835,25200
1553075721.4,96.4,1835,25200
1553075721.4,96.5,1826,25200
1553075721.4,96.6,1818,25340
1553075722.0,96.7,1807,25340
1553075722.0,96.8,1807,25340
1553075722.0,96.9,1818,25340
1553075722.0,97.0,1860,25340
1553075722.0,97.1,1885,25340
1553075722.0,97.2,1880,25340
1553075722.0,97.3,1864,25480
1553075722.7,97.4,1848,25480
1553075722.7,97.5,1841,25480
1553075722.7,97.6,1840,25480
1553075722.7,97.7,1837,25480
1553075722.7,97.8,1835,25480
1553075722.7,97.9,1829,25480
1553075722.7,98.0,1865,26040
1553075725.6,98.1,1864,26040
1553075725.6,98.2,1864,26040
1553075725.6,98.3,1861,26040
1553075725.6,98.4,1864,26040
1553075725.6,98.5,1849,26040
1553075725.6,98.6,1851,26040
1553075725.6,98.7,1845,26180
1553075726.2,98.8,1824,26180
1553075726.2,98.9,1827,26180
1553075726.2,99.0,1835,26180
1553075726.2,99.1,1830,26180
1553075726.2,99.2,1842,26180
1553075726.2,99.3,1851,26180
1553075726.2,99.4,1852,26320
1553075727.0,99.5,1863,26320
1553075727.0,99.6,1879,26320
1553075727.0,99.7,1876,26320
1553075727.0,99.8,1882,26320
1553075727.0,99.9,1874,26320
1553075727.0,100.0,1865,26320
1553075727.0,100.1,1869,26460
1553075727.7,100.2,1859,26460
1553075727.7,100.3,1839,26460
1553075727.7,100.4,1836,26460
1553075727.7,100.5,1853,26460
1553075727.7,100.6,1865,26460
1553075727.7,100.7,1892,26460
1553075727.7,100.8,1918,26600
1553075728.3,100.9,1930,26600
1553075728.3,101.0,1917,26600
1553075728.3,101.1,1886,26600
1553075728.3,101.2,1859,26600
1553075728.3,101.3,1836,26600
1553075728.3,101.4,1837,26600
1553075728.3,101.5,1836,26740
1553075729.3,101.6,1833,26740
1553075729.3,101.7,1852,26740
1553075729.3,101.8,1874,26740
1553075729.3,101.9,1889,26740
1553075729.3,102.0,1894,26740
1553075729.3,102.1,1884,26740
1553075729.3,102.2,1874,26880
1553075729.8,102.3,1850,26880
1553075729.8,102.4,1825,26880
1553075729.8,102.5,1800,26880
1553075729.8,102.6,1784,26880
1553075729.8,102.7,1776,26880
1553075729.8,102.8,1773,26880
1553075729.8,102.9,1784,27020
1553075730.4,103.0,1806,27020
1553075730.4,103.1,1838,27020
1553075730.4,103.2,1868,27020
1553075730.4,103.3,1880,27020
1553075730.4,103.4,1877,27020
1553075730.4,103.5,1867,27020
1553075730.4,103.6,1865,27160
1553075731.2,103.7,1865,27160
1553075731.2,103.8,1863,27160
1553075731.2,103.9,1867,27160
1553075731.2,104.0,1866,27160
1553075731.2,104.1,1857,27160
1553075731.2,104.2,1847,27160
1553075731.2,104.3,1831,27300
1553075731.9,104.4,1792,27300
1553075731.9,104.5,1772,27300
1553075731.9,104.6,1759,27300
1553075731.9,104.7,1756,27300
1553075731.9,104.8,1755,27300
1553075731.9,104.9,1774,27300
1553075731.9,105.0,1796,27440
1553075732.5,105.1,1823,27440
1553075732.5,105.2,1864,27440
1553075732.5,105.3,1906,27440
1553075732.5,105.4,1941,27440
1553075732.5,105.5,1969,27440
1553075732.5,105.6,1988,27440
1553075732.5,105.7,2026,27580
1553075733.2,105.8,2066,27580
1553075733.2,105.9,2070,27580
1553075733.2,106.0,2008,27580
1553075733.2,106.1,1941,27580
1553075733.2,106.2,1893,27580
1553075733.2,106.3,1872,27580
1553075733.2,106.4,1879,27720
1553075733.9,106.5,1854,27720
1553075733.9,106.6,1806,27720
1553075733.9,106.7,1749,27720
1553075733.9,106.8,1755,27720
1553075733.9,106.9,1770,27720
1553075733.9,107.0,1730,27720
1553075733.9,107.1,1704,27860
1553075734.8,107.2,1701,27860
1553075734.8,107.3,1706,27860
1553075734.8,107.4,1705,27860
1553075734.8,107.5,1706,27860
1553075734.8,107.6,1699,27860
1553075734.8,107.7,1705,27860
1553075734.8,107.8,1665,28420
1553075738.1,107.9,1585,28420
1553075738.1,108.0,1586,28420
1553075738.1,108.1,1592,28420
1553075738.1,108.2,1581,28420
1553075738.1,108.3,1584,28420
1553075738.1,108.4,1595,28420
1553075738.1,108.5,1616,28560
1553075738.5,108.6,1639,28560
1553075738.5,108.7,1652,28560
1553075738.5,108.8,1698,28560
1553075738.5,108.9,1757,28560
1553075738.5,109.0,1717,28560
1553075738.5,109.1,1700,28560
1553075738.5,109.2,1694,28700
1553075738.8,109.3,1706,28700
1553075738.8,109.4,1734,28700
1553075738.8,109.5,1744,28700
1553075738.8,109.6,1731,28700
1553075738.8,109.7,1700,28700
1553075738.8,109.8,1690,28700
1553075738.8,109.9,1744,29120
1553075741.2,110.0,1769,29120
1553075741.2,110.1,1828,29120
1553075741.2,110.2,1825,29120
1553075741.2,110.3,1802,29120
1553075741.2,110.4,1780,29120
1553075741.2,110.5,1765,29120
1553075741.2,110.6,1760,29260
1553075741.6,110.7,1784,29260
1553075741.6,110.8,1812,29260
1553075741.6,110.9,1803,29260
1553075741.6,111.0,1750,29260
1553075741.6,111.1,1722,29260
1553075741.6,111.2,1707,29260
1553075741.6,111.3,1731,29400
1553075742.3,111.4,1741,29400
1553075742.3,111.5,1726,29400
1553075742.3,111.6,1691,29400
1553075742.3,111.7,1677,29400
1553075742.3,111.8,1682,29400
1553075742.3,111.9,1683,29400
1553075742.3,112.0,1834,29680
1553075743.7,112.1,1847,29680
1553075743.7,112.2,1852,29680
1553075743.7,112.3,1847,29680
1553075743.7,112.4,1829,29680
1553075743.7,112.5,1828,29680
1553075743.7,112.6,1833,29680
1553075743.7,112.7,1835,29820
1553075744.8,112.8,1841,29820
1553075744.8,112.9,1841,29820
1553075744.8,113.0,1835,29820
1553075744.8,113.1,1841,29820
1553075744.8,113.2,1845,29820
1553075744.8,113.3,1848,29820
1553075744.8,113.4,1856,29960
1553075745.4,113.5,1853,29960
1553075745.4,113.6,1856,29960
1553075745.4,113.7,1864,29960
1553075745.4,113.8,1865,29960
1553075745.4,113.9,1893,29960
1553075745.4,114.0,1897,29960
1553075745.4,114.1,1891,30100
1553075745.8,114.2,1871,30100
1553075745.8,114.3,1860,30100
1553075745.8,114.4,1858,30100
1553075745.8,114.5,1853,30100
1553075745.8,114.6,1850,30100
1553075745.8,114.7,1847,30100
1553075745.8,114.8,1846,30240
1553075746.5,114.9,1849,30240
1553075746.5,115.0,1850,30240
1553075746.5,115.1,1845,30240
1553075746.5,115.2,1845,30240
1553075746.5,115.3,1849,30240
1553075746.5,115.4,1864,30240
1553075746.5,115.5,1856,30380
1553075747.2,115.6,1867,30380
1553075747.2,115.7,1890,30380
1553075747.2,115.8,1833,30380
1553075747.2,115.9,1818,30380
1553075747.2,116.0,1812,30380
1553075747.2,116.1,1804,30380
1553075747.2,116.2,1802,30520
1553075748.2,116.3,1789,30520
1553075748.2,116.4,1769,30520
1553075748.2,116.5,1768,30520
1553075748.2,116.6,1776,30520
1553075748.2,116.7,1784,30520
1553075748.2,116.8,1796,30520
1553075748.2,116.9,1807,30660
1553075748.7,117.0,1816,30660
1553075748.7,117.1,1834,30660
1553075748.7,117.2,1849,30660
1553075748.7,117.3,1847,30660
1553075748.7,117.4,1885,30660
1553075748.7,117.5,1921,30660
1553075748.7,117.6,1903,30800
1553075749.3,117.7,1871,30800
1553075749.3,117.8,1863,30800
1553075749.3,117.9,1880,30800
1553075749.3,118.0,1910,30800
1553075749.3,118.1,1926,30800
1553075749.3,118.2,1904,30800
1553075749.3,118.3,1880,30940
1553075750.3,118.4,1860,30940
1553075750.3,118.5,1844,30940
1553075750.3,118.6,1835,30940
1553075750.3,118.7,1836,30940
1553075750.3,118.8,1836,30940
1553075750.3,118.9,1839,30940
1553075750.3,119.0,1829,31080
1553075751.0,119.1,1814,31080
1553075751.0,119.2,1811,31080
1553075751.0,119.3,1810,31080
1553075751.0,119.4,1804,31080
1553075751.0,119.5,1808,31080
1553075751.0,119.6,1811,31080
1553075751.0,119.7,1814,31220
1553075751.5,119.8,1830,31220
1553075751.5,119.9,1860,31220
1553075751.5,120.0,1865,31220
1553075751.5,120.1,1842,31220
1553075751.5,120.2,1834,31220
1553075751.5,120.3,1829,31220
1553075751.5,120.4,1780,31500
1553075753.1,120.5,1787,31500
1553075753.1,120.6,1819,31500
1553075753.1,120.7,1857,31500
1553075753.1,120.8,1874,31500
1553075753.1,120.9,1869,31500
1553075753.1,121.0,1872,31500
1553075753.1,121.1,1881,31920
1553075754.9,121.2,1880,31920
1553075754.9,121.3,1913,31920
1553075754.9,121.4,1917,31920
1553075754.9,121.5,1903,31920
1553075754.9,121.6,1823,31920
1553075754.9,121.7,1781,31920
1553075754.9,121.8,1809,32060
1553075755.6,121.9,1810,32060
1553075755.6,122.0,1804,32060
1553075755.6,122.1,1805,32060
1553075755.6,122.2,1805,32060
1553075755.6,122.3,1796,32060
1553075755.6,122.4,1777,32060
1553075755.6,122.5,1751,32200
1553075756.4,122.6,1749,32200
1553075756.4,122.7,1753,32200
1553075756.4,122.8,1789,32200
1553075756.4,122.9,1841,32200
1553075756.4,123.0,1848,32200
1553075756.4,123.1,1847,32200
1553075756.4,123.2,1916,32480
1553075758.0,123.3,1913,32480
1553075758.0,123.4,1880,32480
1553075758.0,123.5,1772,32480
1553075758.0,123.6,1693,32480
1553075758.0,123.7,1683,32480
1553075758.0,123.8,1682,32480
1553075758.0,123.9,1685,32620
1553075758.5,124.0,1690,32620
1553075758.5,124.1,1699,32620
1553075758.5,124.2,1709,32620
1553075758.5,124.3,1734,32620
1553075758.5,124.4,1748,32620
1553075758.5,124.5,1746,32620
1553075758.5,124.6,1739,32760
1553075760.1,124.7,1735,32760
1553075760.1,124.8,1729,32760
1553075760.1,124.9,1701,32760
1553075760.1,125.0,1696,32760
1553075760.1,125.1,1689,32760
1553075760.1,125.2,1667,32760
1553075760.1,125.3,1666,33040
1553075761.1,125.4,1700,33040
1553075761.1,125.5,1725,33040
1553075761.1,125.6,1748,33040
1553075761.1,125.7,1761,33040
1553075761.1,125.8,1774,33040
1553075761.1,125.9,1772,33040
1553075761.1,126.0,1783,33180
1553075761.2,126.1,1799,33180
1553075761.2,126.2,1807,33180
1553075761.2,126.3,1819,33180
1553075761.2,126.4,1822,33180
1553075761.2,126.5,1835,33180
1553075761.2,126.6,1847,33180
1553075761.2,126.7,1860,33320
1553075761.9,126.8,1873,33320
1553075761.9,126.9,1881,33320
1553075761.9,127.0,1887,33320
1553075761.9,127.1,1905,33320
1553075761.9,127.2,1921,33320
1553075761.9,127.3,1926,33320
1553075761.9,127.4,1930,33460
1553075762.7,127.5,1934,33460
1553075762.7,127.6,1942,33460
1553075762.7,127.7,1950,33460
1553075762.7,127.8,1963,33460
1553075762.7,127.9,1977,33460
1553075762.7,128.0,1986,33460
1553075762.7,128.1,1981,33600
1553075763.3,128.2,1974,33600
1553075763.3,128.3,1977,33600
1553075763.3,128.4,1975,33600
1553075763.3,128.5,1956,33600
1553075763.3,128.6,1928,33600
1553075763.3,128.7,1900,33600
1553075763.3,128.8,1886,33740
1553075764.0,128.9,1875,33740
1553075764.0,129.0,1868,33740
1553075764.0,129.1,1855,33740
1553075764.0,129.2,1838,33740
1553075764.0,129.3,1835,33740
1553075764.0,129.4,1829,33740
1553075764.0,129.5,1807,34020
1553075765.5,129.6,1805,34020
1553075765.5,129.7,1795,34020
1553075765.5,129.8,1795,34020
1553075765.5,129.9,1798,34020
1553075765.5,130.0,1798,34020
1553075765.5,130.1,1795,34020
1553075765.5,130.2,1790,34160
1553075766.5,130.3,1777,34160
1553075766.5,130.4,1782,34160
1553075766.5,130.5,1804,34160
1553075766.5,130.6,1813,34160
1553075766.5,130.7,1820,34160
1553075766.5,130.8,1839,34160
1553075766.5,130.9,1849,34440
1553075767.6,131.0,1865,34440
1553075767.6,131.1,1877,34440
1553075767.6,131.2,1883,34440
1553075767.6,131.3,1882,34440
1553075767.6,131.4,1876,34440
1553075767.6,131.5,1871,34440
1553075767.6,131.6,1859,34580
1553075768.5,131.7,1851,34580
1553075768.5,131.8,1849,34580
1553075768.5,131.9,1849,34580
1553075768.5,132.0,1846,34580
1553075768.5,132.1,1841,34580
1553075768.5,132.2,1843,34580
1553075768.5,132.3,1820,34860
1553075769.7,132.4,1828,34860
1553075769.7,132.5,1838,34860
1553075769.7,132.6,1841,34860
1553075769.7,132.7,1850,34860
1553075769.7,132.8,1863,34860
1553075769.7,132.9,1888,34860
1553075769.7,133.0,1909,35000
1553075770.3,133.1,1908,35000
1553075770.3,133.2,1880,35000
1553075770.3,133.3,1871,35000
1553075770.3,133.4,1860,35000
1553075770.3,133.5,1854,35000
1553075770.3,133.6,1849,35000
1553075770.3,133.7,1841,35140
1553075772.1,133.8,1840,35140
1553075772.1,133.9,1854,35140
1553075772.1,134.0,1878,35140
1553075772.1,134.1,1898,35140
1553075772.1,134.2,1904,35140
1553075772.1,134.3,1957,35140
1553075772.1,134.4,1964,35420
1553075772.4,134.5,1956,35420
1553075772.4,134.6,1951,35420
1553075772.4,134.7,1939,35420
1553075772.4,134.8,1940,35420
1553075772.4,134.9,1947,35420
1553075772.4,135.0,1944,35420
1553075772.4,135.1,1943,35560
1553075773.1,135.2,1945,35560
1553075773.1,135.3,1944,35560
1553075773.1,135.4,1949,35560
1553075773.1,135.5,1960,35560
1553075773.1,135.6,1966,35560
1553075773.1,135.7,1960,35560
1553075773.1,135.8,1983,35980
1553075775.3,135.9,1986,35980
1553075775.3,136.0,1979,35980
1553075775.3,136.1,1969,35980
1553075775.3,136.2,1971,35980
1553075775.3,136.3,1978,35980
1553075775.3,136.4,1980,35980
1553075775.3,136.5,1972,36260
1553075776.6,136.6,1959,36260
1553075776.6,136.7,1952,36260
1553075776.6,136.8,1961,36260
1553075776.6,136.9,1973,36260
1553075776.6,137.0,1988,36260
1553075776.6,137.1,2003,36260
1553075776.6,137.2,2007,36400
1553075778.1,137.3,1985,36400
1553075778.1,137.4,1920,36400
1553075778.1,137.5,1894,36400
1553075778.1,137.6,1885,36400
1553075778.1,137.7,1896,36400
1553075778.1,137.8,1901,36400
1553075778.1,137.9,1895,36540
1553075779.3,138.0,1888,36540
1553075779.3,138.1,1890,36540
1553075779.3,138.2,1886,36540
1553075779.3,138.3,1887,36540
1553075779.3,138.4,1901,36540
1553075779.3,138.5,1916,36540
1553075779.3,138.6,1937,36820
1553075780.0,138.7,1932,36820
1553075780.0,138.8,1930,36820
1553075780.0,138.9,1943,36820
1553075780.0,139.0,1961,36820
1553075780.0,139.1,1963,36820
1553075780.0,139.2,1967,36820
1553075780.0,139.3,1955,36960
1553075780.4,139.4,1928,36960
1553075780.4,139.5,1882,36960
1553075780.4,139.6,1858,36960
1553075780.4,139.7,1879,36960
1553075780.4,139.8,1898,36960
1553075780.4,139.9,1901,36960
1553075780.4,140.0,1980,37380
1553075782.5,140.1,1973,37380
1553075782.5,140.2,1966,37380
1553075782.5,140.3,1965,37380
1553075782.5,140.4,1963,37380
1553075782.5,140.5,1962,37380
1553075782.5,140.6,1964,37380
1553075782.5,140.7,1964,37520
1553075782.9,140.8,1961,37520
1553075782.9,140.9,1955,37520
1553075782.9,141.0,1954,37520
1553075782.9,141.1,1958,37520
1553075782.9,141.2,1954,37520
1553075782.9,141.3,1949,37520
1553075782.9,141.4,1941,37660
1553075783.9,141.5,1941,37660
1553075783.9,141.6,1941,37660
1553075783.9,141.7,1943,37660
1553075783.9,141.8,1950,37660
1553075783.9,141.9,1958,37660
1553075783.9,142.0,1958,37660
1553075783.9,142.1,1960,37800
1553075784.4,142.2,1958,37800
1553075784.4,142.3,1958,37800
1553075784.4,142.4,1947,37800
1553075784.4,142.5,1932,37800
1553075784.4,142.6,1928,37800
1553075784.4,142.7,1929,37800
1553075784.4,142.8,1925,37940
1553075785.8,142.9,1923,37940
1553075785.8,143.0,1921,37940
1553075785.8,143.1,1919,37940
1553075785.8,143.2,1915,37940
1553075785.8,143.3,1912,37940
1553075785.8,143.4,1912,37940
1553075785.8,143.5,1916,38780
1553075789.4,143.6,1939,38780
1553075789.4,143.7,1963,38780
1553075789.4,143.8,1970,38780
1553075789.4,143.9,1968,38780
1553075789.4,144.0,1958,38780
1553075789.4,144.1,1947,38780
1553075789.4,144.2,1936,38920
1553075790.2,144.3,1937,38920
1553075790.2,144.4,1944,38920
1553075790.2,144.5,1941,38920
1553075790.2,144.6,1939,38920
1553075790.2,144.7,1944,38920
1553075790.2,144.8,1940,38920
1553075790.2,144.9,1944,39060
1553075790.7,145.0,1949,39060
1553075790.7,145.1,1944,39060
1553075790.7,145.2,1933,39060
1553075790.7,145.3,1920,39060
1553075790.7,145.4,1922,39060
1553075790.7,145.5,1919,39060
1553075790.7,145.6,1921,39480
1553075792.9,145.7,1928,39480
1553075792.9,145.8,1912,39480
1553075792.9,145.9,1900,39480
1553075792.9,146.0,1900,39480
1553075792.9,146.1,1884,39480
1553075792.9,146.2,1881,39480
1553075792.9,146.3,1912,39620
1553075793.4,146.4,1930,39620
1553075793.4,146.5,1917,39620
1553075793.4,146.6,1905,39620
1553075793.4,146.7,1894,39620
1553075793.4,146.8,1883,39620
1553075793.4,146.9,1880,39620
1553075793.4,147.0,1925,40180
1553075796.5,147.1,1924,40180
1553075796.5,147.2,1926,40180
1553075796.5,147.3,1925,40180
1553075796.5,147.4,1919,40180
1553075796.5,147.5,1921,40180
1553075796.5,147.6,1916,40180
1553075796.5,147.7,1914,40320
1553075797.0,147.8,1923,40320
1553075797.0,147.9,1923,40320
1553075797.0,148.0,1917,40320
1553075797.0,148.1,1916,40320
1553075797.0,148.2,1914,40320
1553075797.0,148.3,1917,40320
1553075797.0,148.4,1922,40600
1553075798.5,148.5,1908,40600
1553075798.5,148.6,1913,40600
1553075798.5,148.7,1919,40600
1553075798.5,148.8,1924,40600
1553075798.5,148.9,1914,40600
1553075798.5,149.0,1918,40600
1553075798.5,149.1,1935,40880
1553075799.7,149.2,1953,40880
1553075799.7,149.3,1963,40880
1553075799.7,149.4,1954,40880
1553075799.7,149.5,1950,40880
1553075799.7,149.6,1939,40880
1553075799.7,149.7,1920,40880
1553075799.7,149.8,1905,41020
1553075800.6,149.9,1904,41020
1553075800.6,150.0,1913,41020
1553075800.6,150.1,1922,41020
1553075800.6,150.2,1916,41020
1553075800.6,150.3,1909,41020
1553075800.6,150.4,1908,41020
1553075800.6,150.5,1870,41300
1553075801.8,150.6,1880,41300
1553075801.8,150.7,1911,41300
1553075801.8,150.8,1916,41300
1553075801.8,150.9,1917,41300
1553075801.8,151.0,1921,41300
1553075801.8,151.1,1916,41300
1553075801.8,151.2,1905,41440
1553075802.7,151.3,1898,41440
1553075802.7,151.4,1901,41440
1553075802.7,151.5,1916,41440
1553075802.7,151.6,1915,41440
1553075802.7,151.7,1894,41440
1553075802.7,151.8,1900,41440
1553075802.7,151.9,1920,41860
1553075805.1,152.0,1908,41860
1553075805.1,152.1,1904,41860
1553075805.1,152.2,1902,41860
1553075805.1,152.3,1902,41860
1553075805.1,152.4,1903,41860
1553075805.1,152.5,1902,41860
1553075805.1,152.6,1922,42000
1553075805.5,152.7,1919,42000
1553075805.5,152.8,1914,42000
1553075805.5,152.9,1921,42000
1553075805.5,153.0,1924,42000
1553075805.5,153.1,1928,42000
1553075805.5,153.2,1906,42000
1553075805.5,153.3,1894,42280
1553075807.3,153.4,1896,42280
1553075807.3,153.5,1898,42280
1553075807.3,153.6,1915,42280
1553075807.3,153.7,1922,42280
1553075807.3,153.8,1928,42280
1553075807.3,153.9,1923,42280
1553075807.3,154.0,1928,42560
1553075809.4,154.1,1944,42560
1553075809.4,154.2,1949,42560
1553075809.4,154.3,1945,42560
1553075809.4,154.4,1941,42560
1553075809.4,154.5,1945,42560
1553075809.4,154.6,1930,42560
1553075809.4,154.7,1942,42840
1553075809.5,154.8,1940,42840
1553075809.5,154.9,1951,42840
1553075809.5,155.0,1945,42840
1553075809.5,155.1,1948,42840
1553075809.5,155.2,1959,42840
1553075809.5,155.3,1968,42840
1553075809.5,155.4,1938,42980
1553075810.2,155.5,1929,42980
1553075810.2,155.6,1925,42980
1553075810.2,155.7,1976,42980
1553075810.2,155.8,2039,42980
1553075810.2,155.9,2062,42980
1553075810.2,156.0,2078,42980
1553075810.2,156.1,1928,43260
1553075811.7,156.2,1912,43260
1553075811.7,156.3,1909,43260
1553075811.7,156.4,1915,43260
1553075811.7,156.5,1935,43260
1553075811.7,156.6,1940,43260
1553075811.7,156.7,1934,43260
1553075811.7,156.8,1924,43400
1553075812.3,156.9,1921,43400
1553075812.3,157.0,1924,43400
1553075812.3,157.1,1930,43400
1553075812.3,157.2,1926,43400
1553075812.3,157.3,1907,43400
1553075812.3,157.4,1889,43400
1553075812.3,157.5,1877,43540
1553075813.0,157.6,1864,43540
1553075813.0,157.7,1878,43540
1553075813.0,157.8,1884,43540
1553075813.0,157.9,1902,43540
1553075813.0,158.0,1912,43540
1553075813.0,158.1,1886,43540
1553075813.0,158.2,1865,43680
1553075814.0,158.3,1860,43680
1553075814.0,158.4,1849,43680
1553075814.0,158.5,1846,43680
1553075814.0,158.6,1886,43680
1553075814.0,158.7,1914,43680
1553075814.0,158.8,1901,43680
1553075814.0,158.9,1912,43820
1553075814.6,159.0,1904,43820
1553075814.6,159.1,1915,43820
1553075814.6,159.2,1914,43820
1553075814.6,159.3,1918,43820
1553075814.6,159.4,1926,43820
1553075814.6,159.5,1927,43820
1553075814.6,159.6,1758,44380
1553075817.2,159.7,1756,44380
1553075817.2,159.8,1783,44380
1553075817.2,159.9,1853,44380
1553075817.2,160.0,1902,44380
1553075817.2,160.1,1903,44380
1553075817.2,160.2,1894,44380
1553075817.2,160.3,1902,44520
1553075818.1,160.4,1906,44520
1553075818.1,160.5,1900,44520
1553075818.1,160.6,1902,44520
1553075818.1,160.7,1908,44520
1553075818.1,160.8,1900,44520
1553075818.1,160.9,1897,44520
1553075818.1,161.0,1905,44660
1553075819.0,161.1,1928,44660
1553075819.0,161.2,1939,44660
1553075819.0,161.3,1944,44660
1553075819.0,161.4,1940,44660
1553075819.0,161.5,1930,44660
1553075819.0,161.6,1919,44660
1553075819.0,161.7,1922,44940
1553075820.0,161.8,1929,44940
1553075820.0,161.9,1934,44940
1553075820.0,162.0,1930,44940
1553075820.0,162.1,1927,44940
1553075820.0,162.2,1927,44940
1553075820.0,162.3,1919,44940
1553075820.0,162.4,1920,45080
1553075820.7,162.5,1917,45080
1553075820.7,162.6,1913,45080
1553075820.7,162.7,1916,45080
1553075820.7,162.8,1917,45080
1553075820.7,162.9,1916,45080
1553075820.7,163.0,1913,45080
1553075820.7,163.1,1917,45220
1553075821.9,163.2,1911,45220
1553075821.9,163.3,1914,45220
1553075821.9,163.4,1907,45220
1553075821.9,163.5,1906,45220
1553075821.9,163.6,1904,45220
1553075821.9,163.7,1897,45220
1553075821.9,163.8,1893,45360
1553075822.7,163.9,1904,45360
1553075822.7,164.0,1908,45360
1553075822.7,164.1,1911,45360
1553075822.7,164.2,1912,45360
1553075822.7,164.3,1915,45360
1553075822.7,164.4,1917,45360
1553075822.7,164.5,1915,45500
1553075822.8,164.6,1912,45500
1553075822.8,164.7,1921,45500
1553075822.8,164.8,1934,45500
1553075822.8,164.9,1941,45500
1553075822.8,165.0,1951,45500
1553075822.8,165.1,1960,45500
1553075822.8,165.2,1837,45780
1553075824.2,165.3,1853,45780
1553075824.2,165.4,1831,45780
1553075824.2,165.5,1780,45780
1553075824.2,165.6,1800,45780
1553075824.2,165.7,1828,45780
1553075824.2,165.8,1814,45780
1553075824.2,165.9,1868,46060
1553075825.9,166.0,1897,46060
1553075825.9,166.1,1922,46060
1553075825.9,166.2,1924,46060
1553075825.9,166.3,1917,46060
1553075825.9,166.4,1894,46060
1553075825.9,166.5,1889,46060
1553075825.9,166.6,1894,46200
1553075826.3,166.7,1891,46200
1553075826.3,166.8,1878,46200
1553075826.3,166.9,1859,46200
1553075826.3,167.0,1837,46200
1553075826.3,167.1,1830,46200
1553075826.3,167.2,1833,46200
1553075826.3,167.3,1850,46340
1553075827.0,167.4,1861,46340
1553075827.0,167.5,1861,46340
1553075827.0,167.6,1859,46340
1553075827.0,167.7,1839,46340
1553075827.0,167.8,1816,46340
1553075827.0,167.9,1821,46340
1553075827.0,168.0,1827,46480
1553075827.9,168.1,1826,46480
1553075827.9,168.2,1825,46480
1553075827.9,168.3,1822,46480
1553075827.9,168.4,1827,46480
1553075827.9,168.5,1838,46480
1553075827.9,168.6,1845,46480
1553075827.9,168.7,1846,46620
1553075828.4,168.8,1846,46620
1553075828.4,168.9,1846,46620
1553075828.4,169.0,1847,46620
1553075828.4,169.1,1842,46620
1553075828.4,169.2,1816,46620
1553075828.4,169.3,1794,46620
1553075828.4,169.4,1810,46760
1553075829.1,169.5,1855,46760
1553075829.1,169.6,1860,46760
1553075829.1,169.7,1853,46760
1553075829.1,169.8,1846,46760
1553075829.1,169.9,1843,46760
1553075829.1,170.0,1838,46760
1553075829.1,170.1,1830,46900
1553075830.0,170.2,1824,46900
1553075830.0,170.3,1810,46900
1553075830.0,170.4,1798,46900
1553075830.0,170.5,1794,46900
1553075830.0,170.6,1794,46900
1553075830.0,170.7,1792,46900
1553075830.0,170.8,1798,47040
1553075830.5,170.9,1804,47040
1553075830.5,171.0,1807,47040
1553075830.5,171.1,1808,47040
1553075830.5,171.2,1806,47040
1553075830.5,171.3,1804,47040
1553075830.5,171.4,1809,47040
1553075830.5,171.5,1819,47180
1553075831.2,171.6,1826,47180
1553075831.2,171.7,1830,47180
1553075831.2,171.8,1831,47180
1553075831.2,171.9,1833,47180
1553075831.2,172.0,1833,47180
1553075831.2,172.1,1837,47180
1553075831.2,172.2,1836,47320
1553075831.9,172.3,1843,47320
1553075831.9,172.4,1855,47320
1553075831.9,172.5,1862,47320
1553075831.9,172.6,1867,47320
1553075831.9,172.7,1867,47320
1553075831.9,172.8,1883,47320
1553075831.9,172.9,1892,47460
1553075833.1,173.0,1897,47460
1553075833.1,173.1,1892,47460
1553075833.1,173.2,1875,47460
1553075833.1,173.3,1871,47460
1553075833.1,173.4,1896,47460
1553075833.1,173.5,1894,47460
1553075833.1,173.6,1901,47600
1553075833.5,173.7,1969,47600
1553075833.5,173.8,2003,47600
1553075833.5,173.9,1984,47600
1553075833.5,174.0,2012,47600
1553075833.5,174.1,2203,47600
1553075833.5,174.2,2376,47600
1553075833.5,174.3,2031,48020
1553075836.0,174.4,2035,48020
1553075836.0,174.5,2032,48020
1553075836.0,174.6,2027,48020
1553075836.0,174.7,2024,48020
1553075836.0,174.8,2017,48020
1553075836.0,174.9,2020,48020
1553075836.0,175.0,2061,48300
1553075838.0,175.1,2087,48300
1553075838.0,175.2,2126,48300
1553075838.0,175.3,2231,48300
1553075838.0,175.4,2353,48300
1553075838.0,175.5,2359,48300
1553075838.0,175.6,2295,48300
1553075838.0,175.7,1734,48720
1553075838.9,175.8,1740,48720
1553075838.9,175.9,1759,48720
1553075838.9,176.0,1764,48720
1553075838.9,176.1,1762,48720
1553075838.9,176.2,1730,48720
1553075838.9,176.3,1697,48720
1553075838.9,176.4,1686,48860
1553075839.6,176.5,1677,48860
1553075839.6,176.6,1670,48860
1553075839.6,176.7,1672,48860
1553075839.6,176.8,1701,48860
1553075839.6,176.9,1733,48860
1553075839.6,177.0,1750,48860
1553075839.6,177.1,1756,49000
1553075840.8,177.2,1787,49000
1553075840.8,177.3,1831,49000
1553075840.8,177.4,1876,49000
1553075840.8,177.5,1878,49000
1553075840.8,177.6,1896,49000
1553075840.8,177.7,1900,49000
1553075840.8,177.8,1886,49140
1553075841.0,177.9,1891,49140
1553075841.0,178.0,1890,49140
1553075841.0,178.1,1874,49140
1553075841.0,178.2,1883,49140
1553075841.0,178.3,1893,49140
1553075841.0,178.4,1888,49140
1553075841.0,178.5,1894,49280
1553075843.1,178.6,1894,49280
1553075843.1,178.7,1881,49280
1553075843.1,178.8,1876,49280
1553075843.1,178.9,1884,49280
1553075843.1,179.0,1898,49280
1553075843.1,179.1,1897,49280
1553075843.1,179.2,1892,49420
1553075844.5,179.3,1888,49420
1553075844.5,179.4,1888,49420
1553075844.5,179.5,1889,49420
1553075844.5,179.6,1899,49420
1553075844.5,179.7,1917,49420
1553075844.5,179.8,1907,49420
1553075844.5,179.9,1898,49560
1553075845.0,180.0,1902,49560
1553075845.0,180.1,1899,49560
1553075845.0,180.2,1897,49560
1553075845.0,180.3,1909,49560
1553075845.0,180.4,1912,49560
1553075845.0,180.5,1912,49560
1553075845.0,180.6,1818,49980
1553075845.2,180.7,1811,49980
1553075845.2,180.8,1804,49980
1553075845.2,180.9,1797,49980
1553075845.2,181.0,1796,49980
1553075845.2,181.1,1809,49980
1553075845.2,181.2,1810,49980
1553075845.2,181.3,1786,50120
1553075846.0,181.4,1780,50120
1553075846.0,181.5,1811,50120
1553075846.0,181.6,1875,50120
1553075846.0,181.7,1919,50120
1553075846.0,181.8,1901,50120
1553075846.0,181.9,1890,50120
1553075846.0,182.0,1895,50540
1553075848.0,182.1,1891,50540
1553075848.0,182.2,1888,50540
1553075848.0,182.3,1886,50540
1553075848.0,182.4,1886,50540
1553075848.0,182.5,1885,50540
1553075848.0,182.6,1886,50540
1553075848.0,182.7,1887,50680
1553075848.6,182.8,1891,50680
1553075848.6,182.9,1895,50680
1553075848.6,183.0,1895,50680
1553075848.6,183.1,1903,50680
1553075848.6,183.2,1904,50680
1553075848.6,183.3,1905,50680
1553075848.6,183.4,1908,50820
1553075849.6,183.5,1904,50820
1553075849.6,183.6,1918,50820
1553075849.6,183.7,1925,50820
1553075849.6,183.8,1924,50820
1553075849.6,183.9,1924,50820
1553075849.6,184.0,1918,50820
1553075849.6,184.1,1922,50960
1553075850.2,184.2,1910,50960
1553075850.2,184.3,1897,50960
1553075850.2,184.4,1908,50960
1553075850.2,184.5,1912,50960
1553075850.2,184.6,1913,50960
1553075850.2,184.7,1922,50960
1553075850.2,184.8,1895,51240
1553075851.7,184.9,1892,51240
1553075851.7,185.0,1893,51240
1553075851.7,185.1,1888,51240
1553075851.7,185.2,1886,51240
1553075851.7,185.3,1884,51240
1553075851.7,185.4,1886,51240
1553075851.7,185.5,1888,51800
1553075854.5,185.6,1890,51800
1553075854.5,185.7,1887,51800
1553075854.5,185.8,1883,51800
1553075854.5,185.9,1895,51800
1553075854.5,186.0,1913,51800
1553075854.5,186.1,1925,51800
1553075854.5,186.2,1940,51940
1553075855.2,186.3,1953,51940
1553075855.2,186.4,1940,51940
1553075855.2,186.5,1917,51940
1553075855.2,186.6,1898,51940
1553075855.2,186.7,1890,51940
1553075855.2,186.8,1887,51940
1553075855.2,186.9,1847,52220
1553075858.0,187.0,1853,52220
1553075858.0,187.1,1854,52220
1553075858.0,187.2,1838,52220
1553075858.0,187.3,1827,52220
1553075858.0,187.4,1815,52220
1553075858.0,187.5,1796,52220
1553075858.0,187.6,1713,52500
1553075858.3,187.7,1706,52500
1553075858.3,187.8,1719,52500
1553075858.3,187.9,1755,52500
1553075858.3,188.0,1761,52500
1553075858.3,188.1,1796,52500
1553075858.3,188.2,1813,52500
1553075858.3,188.3,1801,52640
1553075858.5,188.4,1815,52640
1553075858.5,188.5,1843,52640
1553075858.5,188.6,1859,52640
1553075858.5,188.7,1850,52640
1553075858.5,188.8,1829,52640
1553075858.5,188.9,1810,52640
1553075858.5,189.0,1781,52780
1553075859.2,189.1,1773,52780
1553075859.2,189.2,1784,52780
1553075859.2,189.3,1785,52780
1553075859.2,189.4,1807,52780
1553075859.2,189.5,1819,52780
1553075859.2,189.6,1809,52780
1553075859.2,189.7,1841,53060
1553075860.8,189.8,1852,53060
1553075860.8,189.9,1856,53060
1553075860.8,190.0,1862,53060
1553075860.8,190.1,1871,53060
1553075860.8,190.2,1879,53060
1553075860.8,190.3,1898,53060
1553075860.8,190.4,1919,53200
1553075861.6,190.5,1913,53200
1553075861.6,190.6,1939,53200
1553075861.6,190.7,2035,53200
1553075861.6,190.8,2117,53200
1553075861.6,190.9,2126,53200
1553075861.6,191.0,2136,53200
1553075861.6,191.1,2143,53340
1553075862.0,191.2,2139,53340
1553075862.0,191.3,2144,53340
1553075862.0,191.4,2154,53340
1553075862.0,191.5,2164,53340
1553075862.0,191.6,2155,53340
1553075862.0,191.7,2149,53340
1553075862.0,191.8,1762,0
1553075882.8,191.9,1751,0
1553075882.8,192.0,1751,0
1553075882.8,192.1,1750,0
1553075882.8,192.2,1750,0
1553075882.8,192.3,1751,0
1553075882.8,192.4,1749,0
1553075882.8,192.5,1748,140
1553075883.5,192.6,1792,140
1553075883.5,192.7,1810,140
1553075883.5,192.8,1801,140
1553075883.5,192.9,1825,140
1553075883.5,193.0,1834,140
1553075883.5,193.1,1839,140
1553075883.5,193.2,1821,280
1553075884.2,193.3,1816,280
1553075884.2,193.4,1797,280
1553075884.2,193.5,1786,280
1553075884.2,193.6,1784,280
1553075884.2,193.7,1804,280
1553075884.2,193.8,1845,280
1553075884.2,193.9,1884,420
1553075884.9,194.0,1891,420
1553075884.9,194.1,1887,420
1553075884.9,194.2,1879,420
1553075884.9,194.3,1867,420
1553075884.9,194.4,1858,420
1553075884.9,194.5,1851,420
1553075884.9,194.6,1848,560
1553075885.6,194.7,1845,560
1553075885.6,194.8,1858,560
1553075885.6,194.9,1869,560
1553075885.6,195.0,1874,560
1553075885.6,195.1,1881,560
1553075885.6,195.2,1889,560
1553075885.6,195.3,1888,700
1553075886.2,195.4,1882,700
1553075886.2,195.5,1879,700
1553075886.2,195.6,1872,700
1553075886.2,195.7,1871,700
1553075886.2,195.8,1875,700
1553075886.2,195.9,1869,700
1553075886.2,196.0,1876,840
1553075887.4,196.1,1883,840
1553075887.4,196.2,1887,840
1553075887.4,196.3,1905,840
1553075887.4,196.4,1918,840
1553075887.4,196.5,1923,840
1553075887.4,196.6,1926,840
1553075887.4,196.7,1903,980
1553075888.0,196.8,1903,980
1553075888.0,196.9,1891,980
1553075888.0,197.0,1890,980
1553075888.0,197.1,1896,980
1553075888.0,197.2,1896,980
1553075888.0,197.3,1885,980
1553075888.0,197.4,1876,1120
1553075888.5,197.5,1878,1120
1553075888.5,197.6,1886,1120
1553075888.5,197.7,1905,1120
1553075888.5,197.8,1915,1120
1553075888.5,197.9,1915,1120
1553075888.5,198.0,1928,1120
1553075888.5,198.1,1949,1260
1553075889.2,198.2,1956,1260
1553075889.2,198.3,1960,1260
1553075889.2,198.4,1948,1260
1553075889.2,198.5,1938,1260
1553075889.2,198.6,1940,1260
1553075889.2,198.7,1949,1260
1553075889.2,198.8,1932,1400
1553075889.7,198.9,1923,1400
1553075889.7,199.0,1919,1400
1553075889.7,199.1,1924,1400
1553075889.7,199.2,1927,1400
1553075889.7,199.3,1938,1400
1553075889.7,199.4,1938,1400
1553075889.7,199.5,1941,1540
1553075890.4,199.6,1944,1540
1553075890.4,199.7,1927,1540
1553075890.4,199.8,1922,1540
1553075890.4,199.9,1919,1540
1553075890.4,200.0,1922,1540
1553075890.4,200.1,1926,1540
1553075890.4,200.2,1936,1820
1553075891.8,200.3,1938,1820
1553075891.8,200.4,1939,1820
1553075891.8,200.5,1939,1820
1553075891.8,200.6,1940,1820
1553075891.8,200.7,1942,1820
1553075891.8,200.8,1939,1820
1553075891.8,200.9,1933,2100
1553075893.4,201.0,1918,2100
1553075893.4,201.1,1913,2100
1553075893.4,201.2,1906,2100
1553075893.4,201.3,1903,2100
1553075893.4,201.4,1902,2100
1553075893.4,201.5,1909,2100
1553075893.4,201.6,1923,2240
1553075894.1,201.7,1936,2240
1553075894.1,201.8,1954,2240
1553075894.1,201.9,1961,2240
1553075894.1,202.0,1964,2240
1553075894.1,202.1,1973,2240
1553075894.1,202.2,1972,2240
1553075894.1,202.3,1962,2380
1553075895.3,202.4,1944,2380
1553075895.3,202.5,1927,2380
1553075895.3,202.6,1911,2380
1553075895.3,202.7,1903,2380
1553075895.3,202.8,1906,2380
1553075895.3,202.9,1921,2380
1553075895.3,203.0,1956,2520
1553075895.8,203.1,1953,2520
1553075895.8,203.2,1943,2520
1553075895.8,203.3,1932,2520
1553075895.8,203.4,1919,2520
1553075895.8,203.5,1901,2520
1553075895.8,203.6,1889,2520
1553075895.8,203.7,1893,2800
1553075897.0,203.8,1887,2800
1553075897.0,203.9,1875,2800
1553075897.0,204.0,1890,2800
1553075897.0,204.1,1945,2800
1553075897.0,204.2,2058,2800
1553075897.0,204.3,2142,2800
1553075897.0,204.4,2223,2940
1553075897.8,204.5,2301,2940
1553075897.8,204.6,2356,2940
1553075897.8,204.7,2389,2940
1553075897.8,204.8,2452,2940
1553075897.8,204.9,2527,2940
1553075897.8,205.0,2539,2940
1553075897.8,205.1,2530,3220
1553075899.2,205.2,2453,3220
1553075899.2,205.3,2343,3220
1553075899.2,205.4,2259,3220
1553075899.2,205.5,2172,3220
1553075899.2,205.6,2107,3220
1553075899.2,205.7,2046,3220
1553075899.2,205.8,2704,3500
1553075900.5,205.9,2695,3500
1553075900.5,206.0,2666,3500
1553075900.5,206.1,2633,3500
1553075900.5,206.2,2601,3500
1553075900.5,206.3,2588,3500
1553075900.5,206.4,2549,3500
1553075900.5,206.5,2396,3640
1553075901.3,206.6,2209,3640
1553075901.3,206.7,2046,3640
1553075901.3,206.8,1945,3640
1553075901.3,206.9,1883,3640
1553075901.3,207.0,1837,3640
1553075901.3,207.1,1766,3640
1553075901.3,207.2,1688,3780
1553075901.6,207.3,1667,3780
1553075901.6,207.4,1731,3780
1553075901.6,207.5,1807,3780
1553075901.6,207.6,1848,3780
1553075901.6,207.7,1852,3780
1553075901.6,207.8,1801,3780
1553075901.6,207.9,1762,3920
1553075902.3,208.0,1781,3920
1553075902.3,208.1,1789,3920
1553075902.3,208.2,1787,3920
1553075902.3,208.3,1786,3920
1553075902.3,208.4,1803,3920
1553075902.3,208.5,1809,3920
1553075902.3,208.6,1825,4060
1553075903.4,208.7,1853,4060
1553075903.4,208.8,1864,4060
1553075903.4,208.9,1863,4060
1553075903.4,209.0,1859,4060
1553075903.4,209.1,1854,4060
1553075903.4,209.2,1842,4060
1553075903.4,209.3,1839,4200
1553075903.8,209.4,1842,4200
1553075903.8,209.5,1840,4200
1553075903.8,209.6,1849,4200
1553075903.8,209.7,1849,4200
1553075903.8,209.8,1856,4200
1553075903.8,209.9,1859,4200
1553075903.8,210.0,1874,4340
1553075904.9,210.1,1902,4340
1553075904.9,210.2,1966,4340
1553075904.9,210.3,1991,4340
1553075904.9,210.4,1991,4340
1553075904.9,210.5,1982,4340
1553075904.9,210.6,1966,4340
1553075904.9,210.7,1947,4480
1553075905.3,210.8,1942,4480
1553075905.3,210.9,1934,4480
1553075905.3,211.0,1936,4480
1553075905.3,211.1,1937,4480
1553075905.3,211.2,1938,4480
1553075905.3,211.3,1940,4480
1553075905.3,211.4,1929,4900
1553075907.3,211.5,1951,4900
1553075907.3,211.6,1961,4900
1553075907.3,211.7,1968,4900
1553075907.3,211.8,2012,4900
1553075907.3,211.9,2028,4900
1553075907.3,212.0,2013,4900
1553075907.3,212.1,1989,5040
1553075908.1,212.2,1965,5040
1553075908.1,212.3,1952,5040
1553075908.1,212.4,1930,5040
1553075908.1,212.5,1927,5040
1553075908.1,212.6,1924,5040
1553075908.1,212.7,1928,5040
1553075908.1,212.8,1904,5180
1553075908.7,212.9,1921,5180
1553075908.7,213.0,1883,5180
1553075908.7,213.1,1860,5180
1553075908.7,213.2,1883,5180
1553075908.7,213.3,1856,5180
1553075908.7,213.4,1860,5180
1553075908.7,213.5,1867,5320
1553075909.3,213.6,1876,5320
1553075909.3,213.7,1887,5320
1553075909.3,213.8,1893,5320
1553075909.3,213.9,1903,5320
1553075909.3,214.0,1909,5320
1553075909.3,214.1,1915,5320
1553075909.3,214.2,1869,5880
1553075912.6,214.3,1873,5880
1553075912.6,214.4,1873,5880
1553075912.6,214.5,1877,5880
1553075912.6,214.6,1879,5880
1553075912.6,214.7,1883,5880
1553075912.6,214.8,1894,5880
1553075912.6,214.9,1908,6020
1553075913.0,215.0,1891,6020
1553075913.0,215.1,1893,6020
1553075913.0,215.2,1882,6020
1553075913.0,215.3,1859,6020
1553075913.0,215.4,1841,6020
1553075913.0,215.5,1839,6020
1553075913.0,215.6,1854,6300
1553075914.7,215.7,1914,6300
1553075914.7,215.8,1899,6300
1553075914.7,215.9,1876,6300
1553075914.7,216.0,1859,6300
1553075914.7,216.1,1880,6300
1553075914.7,216.2,1870,6300
1553075914.7,216.3,1913,6440
1553075915.0,216.4,1871,6440
1553075915.0,216.5,1826,6440
1553075915.0,216.6,1823,6440
1553075915.0,216.7,1832,6440
1553075915.0,216.8,1828,6440
1553075915.0,216.9,1862,6440
1553075915.0,217.0,1896,6580
1553075915.6,217.1,1873,6580
1553075915.6,217.2,1852,6580
1553075915.6,217.3,1856,6580
1553075915.6,217.4,1866,6580
1553075915.6,217.5,1854,6580
1553075915.6,217.6,1900,6580
1553075915.6,217.7,1903,7140
1553075918.8,217.8,1912,7140
1553075918.8,217.9,1890,7140
1553075918.8,218.0,1836,7140
1553075918.8,218.1,1795,7140
1553075918.8,218.2,1819,7140
1553075918.8,218.3,1851,7140
1553075918.8,218.4,1864,7280
1553075919.2,218.5,1856,7280
1553075919.2,218.6,1825,7280
1553075919.2,218.7,1728,7280
1553075919.2,218.8,1671,7280
1553075919.2,218.9,1715,7280
1553075919.2,219.0,1759,7280
1553075919.2,219.1,1775,7420
1553075920.0,219.2,1815,7420
1553075920.0,219.3,1847,7420
1553075920.0,219.4,1780,7420
1553075920.0,219.5,1737,7420
1553075920.0,219.6,1728,7420
1553075920.0,219.7,1721,7420
1553075920.0,219.8,1744,7560
1553075920.7,219.9,1752,7560
1553075920.7,220.0,1738,7560
1553075920.7,220.1,1784,7560
1553075920.7,220.2,1831,7560
1553075920.7,220.3,1768,7560
1553075920.7,220.4,1720,7560
1553075920.7,220.5,1674,7840
1553075922.1,220.6,1705,7840
1553075922.1,220.7,1768,7840
1553075922.1,220.8,1805,7840
1553075922.1,220.9,1831,7840
1553075922.1,221.0,1839,7840
1553075922.1,221.1,1830,7840
1553075922.1,221.2,1819,7980
1553075922.7,221.3,1806,7980
1553075922.7,221.4,1795,7980
1553075922.7,221.5,1791,7980
1553075922.7,221.6,1803,7980
1553075922.7,221.7,1819,7980
1553075922.7,221.8,1837,7980
1553075922.7,221.9,1860,8120
1553075923.7,222.0,1871,8120
1553075923.7,222.1,1865,8120
1553075923.7,222.2,1876,8120
1553075923.7,222.3,1888,8120
1553075923.7,222.4,1891,8120
1553075923.7,222.5,1889,8120
1553075923.7,222.6,1894,8260
1553075924.7,222.7,1889,8260
1553075924.7,222.8,1892,8260
1553075924.7,222.9,1888,8260
1553075924.7,223.0,1891,8260
1553075924.7,223.1,1890,8260
1553075924.7,223.2,1889,8260
1553075924.7,223.3,1885,8400
1553075924.9,223.4,1876,8400
1553075924.9,223.5,1868,8400
1553075924.9,223.6,1865,8400
1553075924.9,223.7,1864,8400
1553075924.9,223.8,1864,8400
1553075924.9,223.9,1877,8400
1553075924.9,224.0,1889,8820
1553075926.9,224.1,1923,8820
1553075926.9,224.2,1957,8820
1553075926.9,224.3,1958,8820
1553075926.9,224.4,1954,8820
1553075926.9,224.5,1942,8820
1553075926.9,224.6,1928,8820
1553075926.9,224.7,1940,9100
1553075928.3,224.8,1943,9100
1553075928.3,224.9,1933,9100
1553075928.3,225.0,1911,9100
1553075928.3,225.1,1904,9100
1553075928.3,225.2,1902,9100
1553075928.3,225.3,1890,9100
1553075928.3,225.4,1875,9240
1553075929.4,225.5,1855,9240
1553075929.4,225.6,1843,9240
1553075929.4,225.7,1854,9240
1553075929.4,225.8,1852,9240
1553075929.4,225.9,1851,9240
1553075929.4,226.0,1849,9240
1553075929.4,226.1,1837,9380
1553075929.7,226.2,1832,9380
1553075929.7,226.3,1834,9380
1553075929.7,226.4,1838,9380
1553075929.7,226.5,1845,9380
1553075929.7,226.6,1849,9380
1553075929.7,226.7,1855,9380
1553075929.7,226.8,1865,9520
1553075930.7,226.9,1877,9520
1553075930.7,227.0,1896,9520
1553075930.7,227.1,1911,9520
1553075930.7,227.2,1918,9520
1553075930.7,227.3,1909,9520
1553075930.7,227.4,1893,9520
1553075930.7,227.5,1875,9660
1553075931.4,227.6,1865,9660
1553075931.4,227.7,1850,9660
1553075931.4,227.8,1833,9660
1553075931.4,227.9,1830,9660
1553075931.4,228.0,1846,9660
1553075931.4,228.1,1848,9660
1553075931.4,228.2,1851,9800
1553075931.8,228.3,1834,9800
1553075931.8,228.4,1829,9800
1553075931.8,228.5,1855,9800
1553075931.8,228.6,1875,9800
1553075931.8,228.7,1884,9800
1553075931.8,228.8,1907,9800
1553075931.8,228.9,1921,9940
1553075932.4,229.0,1918,9940
1553075932.4,229.1,1913,9940
1553075932.4,229.2,1905,9940
1553075932.4,229.3,1901,9940
1553075932.4,229.4,1903,9940
1553075932.4,229.5,1903,9940
1553075932.4,229.6,1874,10360
1553075935.0,229.7,1881,10360
1553075935.0,229.8,1865,10360
1553075935.0,229.9,1848,10360
1553075935.0,230.0,1832,10360
1553075935.0,230.1,1818,10360
1553075935.0,230.2,1816,10360
1553075935.0,230.3,1803,10500
1553075935.6,230.4,1797,10500
1553075935.6,230.5,1806,10500
1553075935.6,230.6,1800,10500
1553075935.6,230.7,1798,10500
1553075935.6,230.8,1796,10500
1553075935.6,230.9,1802,10500
1553075935.6,231.0,1811,10640
1553075935.9,231.1,1827,10640
1553075935.9,231.2,1849,10640
1553075935.9,231.3,1859,10640
1553075935.9,231.4,1861,10640
1553075935.9,231.5,1865,10640
1553075935.9,231.6,1872,10640
1553075935.9,231.7,1885,10780
1553075936.8,231.8,1886,10780
1553075936.8,231.9,1881,10780
1553075936.8,232.0,1860,10780
1553075936.8,232.1,1841,10780
1553075936.8,232.2,1825,10780
1553075936.8,232.3,1827,10780
1553075936.8,232.4,1837,10920
1553075937.4,232.5,1839,10920
1553075937.4,232.6,1831,10920
1553075937.4,232.7,1835,10920
1553075937.4,232.8,1829,10920
1553075937.4,232.9,1813,10920
1553075937.4,233.0,1796,10920
1553075937.4,233.1,1776,11340
1553075939.6,233.2,1775,11340
1553075939.6,233.3,1772,11340
1553075939.6,233.4,1766,11340
1553075939.6,233.5,1775,11340
1553075939.6,233.6,1787,11340
1553075939.6,233.7,1806,11340
1553075939.6,233.8,1940,11620
1553075941.2,233.9,1951,11620
1553075941.2,234.0,1967,11620
1553075941.2,234.1,1979,11620
1553075941.2,234.2,1989,11620
1553075941.2,234.3,2001,11620
1553075941.2,234.4,2022,11620
1553075941.2,234.5,1842,12460
1553075945.6,234.6,1849,12460
1553075945.6,234.7,1856,12460
1553075945.6,234.8,1865,12460
1553075945.6,234.9,1869,12460
1553075945.6,235.0,1870,12460
1553075945.6,235.1,1877,12460
1553075945.6,235.2,1885,12600
1553075945.7,235.3,1896,12600
1553075945.7,235.4,1890,12600
1553075945.7,235.5,1878,12600
1553075945.7,235.6,1871,12600
1553075945.7,235.7,1872,12600
1553075945.7,235.8,1874,12600
1553075945.7,235.9,1905,12880
1553075947.1,236.0,1896,12880
1553075947.1,236.1,1888,12880
1553075947.1,236.2,1887,12880
1553075947.1,236.3,1877,12880
1553075947.1,236.4,1854,12880
1553075947.1,236.5,1850,12880
1553075947.1,236.6,1858,13160
1553075948.6,236.7,1864,13160
1553075948.6,236.8,1891,13160
1553075948.6,236.9,1916,13160
1553075948.6,237.0,1955,13160
1553075948.6,237.1,1989,13160
1553075948.6,237.2,2001,13160
1553075948.6,237.3,2022,13300
1553075949.7,237.4,2040,13300
1553075949.7,237.5,2068,13300
1553075949.7,237.6,2105,13300
1553075949.7,237.7,2124,13300
1553075949.7,237.8,2133,13300
1553075949.7,237.9,2125,13300
1553075949.7,238.0,2096,13440
1553075950.1,238.1,2048,13440
1553075950.1,238.2,2004,13440
1553075950.1,238.3,1955,13440
1553075950.1,238.4,1908,13440
1553075950.1,238.5,1878,13440
1553075950.1,238.6,1870,13440
1553075950.1,238.7,1872,13860
1553075954.2,238.8,1869,13860
1553075954.2,238.9,1873,13860
1553075954.2,239.0,1879,13860
1553075954.2,239.1,1879,13860
1553075954.2,239.2,1877,13860
1553075954.2,239.3,1876,13860
1553075954.2,239.4,1873,14280
1553075954.3,239.5,1865,14280
1553075954.3,239.6,1863,14280
1553075954.3,239.7,1862,14280
1553075954.3,239.8,1865,14280
1553075954.3,239.9,1863,14280
1553075954.3,240.0,1863,14280
1553075954.3,240.1,1860,14420
1553075954.9,240.2,1861,14420
1553075954.9,240.3,1863,14420
1553075954.9,240.4,1863,14420
1553075954.9,240.5,1864,14420
1553075954.9,240.6,1863,14420
1553075954.9,240.7,1860,14420
1553075954.9,240.8,1864,14560
1553075955.6,240.9,1861,14560
1553075955.6,241.0,1862,14560
1553075955.6,241.1,1868,14560
1553075955.6,241.2,1871,14560
1553075955.6,241.3,1872,14560
1553075955.6,241.4,1871,14560
1553075955.6,241.5,1872,14700
1553075956.3,241.6,1873,14700
1553075956.3,241.7,1872,14700
1553075956.3,241.8,1874,14700
1553075956.3,241.9,1874,14700
1553075956.3,242.0,1870,14700
1553075956.3,242.1,1872,14700
1553075956.3,242.2,1871,14840
1553075957.3,242.3,1869,14840
1553075957.3,242.4,1870,14840
1553075957.3,242.5,1879,14840
1553075957.3,242.6,1893,14840
1553075957.3,242.7,1895,14840
1553075957.3,242.8,1896,14840
1553075957.3,242.9,1858,15540
1553075960.8,243.0,1864,15540
1553075960.8,243.1,1915,15540
1553075960.8,243.2,1939,15540
1553075960.8,243.3,1918,15540
1553075960.8,243.4,1895,15540
1553075960.8,243.5,1840,15540
1553075960.8,243.6,1835,15680
1553075961.1,243.7,1842,15680
1553075961.1,243.8,1849,15680
1553075961.1,243.9,1837,15680
1553075961.1,244.0,1825,15680
1553075961.1,244.1,1804,15680
1553075961.1,244.2,1813,15680
1553075961.1,244.3,1843,15960
1553075962.8,244.4,1857,15960
1553075962.8,244.5,1853,15960
1553075962.8,244.6,1862,15960
1553075962.8,244.7,1862,15960
1553075962.8,244.8,1857,15960
1553075962.8,244.9,1833,15960
1553075962.8,245.0,1865,16240
1553075964.0,245.1,1820,16240
1553075964.0,245.2,1834,16240
1553075964.0,245.3,1828,16240
1553075964.0,245.4,1822,16240
1553075964.0,245.5,1816,16240
1553075964.0,245.6,1803,16240
1553075964.0,245.7,1801,16380
1553075964.8,245.8,1816,16380
1553075964.8,245.9,1816,16380
1553075964.8,246.0,1849,16380
1553075964.8,246.1,1917,16380
1553075964.8,246.2,1918,16380
1553075964.8,246.3,1910,16380
1553075964.8,246.4,1924,16800
1553075966.8,246.5,1895,16800
1553075966.8,246.6,1872,16800
1553075966.8,246.7,1865,16800
1553075966.8,246.8,1851,16800
1553075966.8,246.9,1838,16800
1553075966.8,247.0,1813,16800
1553075966.8,247.1,1902,17080
1553075968.5,247.2,1842,17080
1553075968.5,247.3,1831,17080
1553075968.5,247.4,1821,17080
1553075968.5,247.5,1803,17080
1553075968.5,247.6,1791,17080
1553075968.5,247.7,1794,17080
1553075968.5,247.8,1814,17360
1553075969.6,247.9,1813,17360
1553075969.6,248.0,1822,17360
1553075969.6,248.1,1811,17360
1553075969.6,248.2,1844,17360
1553075969.6,248.3,1833,17360
1553075969.6,248.4,1840,17360
1553075969.6,248.5,1844,17500
1553075970.6,248.6,1835,17500
1553075970.6,248.7,1830,17500
1553075970.6,248.8,1891,17500
1553075970.6,248.9,1934,17500
1553075970.6,249.0,1913,17500
1553075970.6,249.1,1907,17500
1553075970.6,249.2,1976,17920
1553075972.7,249.3,1931,17920
1553075972.7,249.4,1887,17920
1553075972.7,249.5,1890,17920
1553075972.7,249.6,1891,17920
1553075972.7,249.7,1864,17920
1553075972.7,249.8,1843,17920
1553075972.7,249.9,1887,18480
1553075975.3,250.0,1843,18480
1553075975.3,250.1,1800,18480
1553075975.3,250.2,1797,18480
1553075975.3,250.3,1815,18480
1553075975.3,250.4,1818,18480
1553075975.3,250.5,1839,18480
1553075975.3,250.6,1849,18620
1553075975.9,250.7,1829,18620
1553075975.9,250.8,1817,18620
1553075975.9,250.9,1801,18620
1553075975.9,251.0,1801,18620
1553075975.9,251.1,1839,18620
1553075975.9,251.2,1899,18620
1553075975.9,251.3,1901,18760
1553075976.8,251.4,1884,18760
1553075976.8,251.5,1854,18760
1553075976.8,251.6,1833,18760
1553075976.8,251.7,1828,18760
1553075976.8,251.8,1815,18760
1553075976.8,251.9,1804,18760
1553075976.8,252.0,1796,18900
1553075977.3,252.1,1784,18900
1553075977.3,252.2,1779,18900
1553075977.3,252.3,1799,18900
1553075977.3,252.4,1796,18900
1553075977.3,252.5,1829,18900
1553075977.3,252.6,1879,18900
1553075977.3,252.7,1870,19040
1553075978.5,252.8,1845,19040
1553075978.5,252.9,1805,19040
1553075978.5,253.0,1789,19040
1553075978.5,253.1,1806,19040
1553075978.5,253.2,1794,19040
1553075978.5,253.3,1799,19040
1553075978.5,253.4,1796,19320
1553075979.3,253.5,1835,19320
1553075979.3,253.6,1879,19320
1553075979.3,253.7,1877,19320
1553075979.3,253.8,1872,19320
1553075979.3,253.9,1856,19320
1553075979.3,254.0,1857,19320
1553075979.3,254.1,1954,20160
1553075983.5,254.2,1916,20160
1553075983.5,254.3,1868,20160
1553075983.5,254.4,1866,20160
1553075983.5,254.5,1854,20160
1553075983.5,254.6,1837,20160
1553075983.5,254.7,1861,20160
1553075983.5,254.8,1785,20580
1553075986.1,254.9,1780,20580
1553075986.1,255.0,1761,20580
1553075986.1,255.1,1763,20580
1553075986.1,255.2,1779,20580
1553075986.1,255.3,1797,20580
1553075986.1,255.4,1863,20580
1553075986.1,255.5,1836,20860
1553075987.4,255.6,1828,20860
1553075987.4,255.7,1804,20860
1553075987.4,255.8,1818,20860
1553075987.4,255.9,1801,20860
1553075987.4,256.0,1796,20860
1553075987.4,256.1,1824,20860
1553075987.4,256.2,1882,21000
1553075987.7,256.3,1871,21000
1553075987.7,256.4,1850,21000
1553075987.7,256.5,1816,21000
1553075987.7,256.6,1795,21000
1553075987.7,256.7,1799,21000
1553075987.7,256.8,1784,21000
1553075987.7,256.9,1792,21140
1553075988.8,257.0,1776,21140
1553075988.8,257.1,1760,21140
1553075988.8,257.2,1777,21140
1553075988.8,257.3,1797,21140
1553075988.8,257.4,1819,21140
1553075988.8,257.5,1906,21140
1553075988.8,257.6,1813,21420
1553075990.2,257.7,1818,21420
1553075990.2,257.8,1789,21420
1553075990.2,257.9,1806,21420
1553075990.2,258.0,1817,21420
1553075990.2,258.1,1813,21420
1553075990.2,258.2,1826,21420
1553075990.2,258.3,1858,21560
1553075990.7,258.4,1856,21560
1553075990.7,258.5,1867,21560
1553075990.7,258.6,1852,21560
1553075990.7,258.7,1851,21560
1553075990.7,258.8,1848,21560
1553075990.7,258.9,1816,21560
1553075990.7,259.0,1807,21700
1553075991.2,259.1,1774,21700
1553075991.2,259.2,1758,21700
1553075991.2,259.3,1763,21700
1553075991.2,259.4,1776,21700
1553075991.2,259.5,1781,21700
1553075991.2,259.6,1815,21700
1553075991.2,259.7,1858,21840
1553075991.9,259.8,1865,21840
1553075991.9,259.9,1869,21840
1553075991.9,260.0,1823,21840
1553075991.9,260.1,1807,21840
1553075991.9,260.2,1800,21840
1553075991.9,260.3,1796,21840
1553075991.9,260.4,1800,22120
1553075993.4,260.5,1805,22120
1553075993.4,260.6,1876,22120
1553075993.4,260.7,1907,22120
1553075993.4,260.8,1896,22120
1553075993.4,260.9,1865,22120
1553075993.4,261.0,1866,22120
1553075993.4,261.1,1872,22260
1553075994.1,261.2,1865,22260
1553075994.1,261.3,1836,22260
1553075994.1,261.4,1821,22260
1553075994.1,261.5,1806,22260
1553075994.1,261.6,1804,22260
1553075994.1,261.7,1818,22260
1553075994.1,261.8,1812,22400
1553075994.9,261.9,1823,22400
1553075994.9,262.0,1849,22400
1553075994.9,262.1,1865,22400
1553075994.9,262.2,1865,22400
1553075994.9,262.3,1814,22400
1553075994.9,262.4,1792,22400
1553075994.9,262.5,1809,22540
1553075995.5,262.6,1787,22540
1553075995.5,262.7,1773,22540
1553075995.5,262.8,1791,22540
1553075995.5,262.9,1788,22540
1553075995.5,263.0,1776,22540
1553075995.5,263.1,1782,22540
1553075995.5,263.2,1793,22680
1553075997.5,263.3,1804,22680
1553075997.5,263.4,1825,22680
1553075997.5,263.5,1842,22680
1553075997.5,263.6,1841,22680
1553075997.5,263.7,1844,22680
1553075997.5,263.8,1834,22680
1553075997.5,263.9,1851,22960
1553075997.6,264.0,1839,22960
1553075997.6,264.1,1822,22960
1553075997.6,264.2,1814,22960
1553075997.6,264.3,1814,22960
1553075997.6,264.4,1807,22960
1553075997.6,264.5,1823,22960
1553075997.6,264.6,1839,23100
1553075998.3,264.7,1861,23100
1553075998.3,264.8,1874,23100
1553075998.3,264.9,1875,23100
1553075998.3,265.0,1867,23100
1553075998.3,265.1,1867,23100
1553075998.3,265.2,1873,23100
1553075998.3,265.3,1884,23520
1553076001.2,265.4,1889,23520
1553076001.2,265.5,1893,23520
1553076001.2,265.6,1896,23520
1553076001.2,265.7,1884,23520
1553076001.2,265.8,1870,23520
1553076001.2,265.9,1856,23520
1553076001.2,266.0,1822,23940
1553076002.9,266.1,1824,23940
1553076002.9,266.2,1837,23940
1553076002.9,266.3,1844,23940
1553076002.9,266.4,1853,23940
1553076002.9,266.5,1853,23940
1553076002.9,266.6,1847,23940
1553076002.9,266.7,1835,24080
1553076003.2,266.8,1826,24080
1553076003.2,266.9,1827,24080
1553076003.2,267.0,1822,24080
1553076003.2,267.1,1822,24080
1553076003.2,267.2,1826,24080
1553076003.2,267.3,1827,24080
1553076003.2,267.4,1857,24500
1553076005.4,267.5,1850,24500
1553076005.4,267.6,1837,24500
1553076005.4,267.7,1826,24500
1553076005.4,267.8,1820,24500
1553076005.4,267.9,1806,24500
1553076005.4,268.0,1788,24500
1553076005.4,268.1,1772,24640
1553076006.3,268.2,1763,24640
1553076006.3,268.3,1763,24640
1553076006.3,268.4,1768,24640
1553076006.3,268.5,1785,24640
1553076006.3,268.6,1799,24640
1553076006.3,268.7,1801,24640
1553076006.3,268.8,1790,24780
1553076006.7,268.9,1796,24780
1553076006.7,269.0,1797,24780
1553076006.7,269.1,1794,24780
1553076006.7,269.2,1791,24780
1553076006.7,269.3,1794,24780
1553076006.7,269.4,1785,24780
1553076006.7,269.5,1772,24920
1553076007.3,269.6,1768,24920
1553076007.3,269.7,1766,24920
1553076007.3,269.8,1772,24920
1553076007.3,269.9,1778,24920
1553076007.3,270.0,1782,24920
1553076007.3,270.1,1785,24920
1553076007.3,270.2,1843,25340
1553076011.2,270.3,1845,25340
1553076011.2,270.4,1843,25340
1553076011.2,270.5,1844,25340
1553076011.2,270.6,1838,25340
1553076011.2,270.7,1834,25340
1553076011.2,270.8,1842,25340
1553076011.2,270.9,1856,25480
1553076011.9,271.0,1856,25480
1553076011.9,271.1,1858,25480
1553076011.9,271.2,1864,25480
1553076011.9,271.3,1870,25480
1553076011.9,271.4,1867,25480
1553076011.9,271.5,1846,25480
1553076011.9,271.6,1788,25760
1553076012.1,271.7,1785,25760
1553076012.1,271.8,1792,25760
1553076012.1,271.9,1797,25760
1553076012.1,272.0,1802,25760
1553076012.1,272.1,1784,25760
1553076012.1,272.2,1802,25760
1553076012.1,272.3,1861,26040
1553076013.0,272.4,1865,26040
1553076013.0,272.5,1857,26040
1553076013.0,272.6,1866,26040
1553076013.0,272.7,1881,26040
1553076013.0,272.8,1888,26040
1553076013.0,272.9,1901,26040
1553076013.0,273.0,1903,26180
1553076013.7,273.1,1896,26180
1553076013.7,273.2,1912,26180
1553076013.7,273.3,1922,26180
1553076013.7,273.4,1925,26180
1553076013.7,273.5,1929,26180
1553076013.7,273.6,1905,26180
1553076013.7,273.7,1724,26880
1553076018.2,273.8,1717,26880
1553076018.2,273.9,1708,26880
1553076018.2,274.0,1679,26880
1553076018.2,274.1,1650,26880
1553076018.2,274.2,1649,26880
1553076018.2,274.3,1675,26880
1553076018.2,274.4,1884,28140
1553076023.8,274.5,1889,28140
1553076023.8,274.6,1882,28140
1553076023.8,274.7,1869,28140
1553076023.8,274.8,1875,28140
1553076023.8,274.9,1886,28140
1553076023.8,275.0,1884,28140
1553076023.8,275.1,1876,28280
1553076025.7,275.2,1872,28280
1553076025.7,275.3,1869,28280
1553076025.7,275.4,1858,28280
1553076025.7,275.5,1844,28280
1553076025.7,275.6,1847,28280
1553076025.7,275.7,1867,28280
1553076025.7,275.8,1892,28420
1553076025.9,275.9,1917,28420
1553076025.9,276.0,1916,28420
1553076025.9,276.1,1896,28420
1553076025.9,276.2,1881,28420
1553076025.9,276.3,1872,28420
1553076025.9,276.4,1850,28420
1553076025.9,276.5,1851,28560
1553076026.3,276.6,1864,28560
1553076026.3,276.7,1873,28560
1553076026.3,276.8,1882,28560
1553076026.3,276.9,1885,28560
1553076026.3,277.0,1893,28560
1553076026.3,277.1,1906,28560
1553076026.3,277.2,1902,28840
1553076027.0,277.3,1915,28840
1553076027.0,277.4,1924,28840
1553076027.0,277.5,1926,28840
1553076027.0,277.6,1908,28840
1553076027.0,277.7,1887,28840
1553076027.0,277.8,1867,28840
1553076027.0,277.9,1852,29260
1553076029.0,278.0,1876,29260
1553076029.0,278.1,1907,29260
1553076029.0,278.2,1916,29260
1553076029.0,278.3,1909,29260
1553076029.0,278.4,1876,29260
1553076029.0,278.5,1857,29260
1553076029.0,278.6,1861,29680
1553076031.1,278.7,1866,29680
1553076031.1,278.8,1870,29680
1553076031.1,278.9,1863,29680
1553076031.1,279.0,1854,29680
1553076031.1,279.1,1860,29680
1553076031.1,279.2,1899,29680
1553076031.1,279.3,1939,30100
1553076033.6,279.4,1986,30100
1553076033.6,279.5,1955,30100
1553076033.6,279.6,1946,30100
1553076033.6,279.7,1899,30100
1553076033.6,279.8,1876,30100
1553076033.6,279.9,1860,30100
1553076033.6,280.0,1844,30660
1553076036.2,280.1,1900,30660
1553076036.2,280.2,1936,30660
1553076036.2,280.3,1908,30660
1553076036.2,280.4,1874,30660
1553076036.2,280.5,1893,30660
1553076036.2,280.6,1877,30660
1553076036.2,280.7,1873,30940
1553076037.4,280.8,1934,30940
1553076037.4,280.9,2006,30940
1553076037.4,281.0,1969,30940
1553076037.4,281.1,1924,30940
1553076037.4,281.2,1882,30940
1553076037.4,281.3,1854,30940
1553076037.4,281.4,1861,31220
1553076038.9,281.5,1891,31220
1553076038.9,281.6,1944,31220
1553076038.9,281.7,1936,31220
1553076038.9,281.8,1904,31220
1553076038.9,281.9,1878,31220
1553076038.9,282.0,1897,31220
1553076038.9,282.1,1859,31500
1553076040.3,282.2,1890,31500
1553076040.3,282.3,1912,31500
1553076040.3,282.4,1900,31500
1553076040.3,282.5,1867,31500
1553076040.3,282.6,1836,31500
1553076040.3,282.7,1830,31500
1553076040.3,282.8,1825,31780
1553076041.6,282.9,1878,31780
1553076041.6,283.0,1921,31780
1553076041.6,283.1,1906,31780
1553076041.6,283.2,1898,31780
1553076041.6,283.3,1880,31780
1553076041.6,283.4,1867,31780
1553076041.6,283.5,1868,31920
1553076042.3,283.6,1864,31920
1553076042.3,283.7,1872,31920
1553076042.3,283.8,1855,31920
1553076042.3,283.9,1850,31920
1553076042.3,284.0,1844,31920
1553076042.3,284.1,1872,31920
1553076042.3,284.2,1877,32060
1553076043.0,284.3,1917,32060
1553076043.0,284.4,2019,32060
1553076043.0,284.5,2019,32060
1553076043.0,284.6,1991,32060
1553076043.0,284.7,1969,32060
1553076043.0,284.8,1955,32060
1553076043.0,284.9,1962,32200
1553076044.0,285.0,1965,32200
1553076044.0,285.1,1953,32200
1553076044.0,285.2,1975,32200
1553076044.0,285.3,1946,32200
1553076044.0,285.4,1950,32200
1553076044.0,285.5,1953,32200
1553076044.0,285.6,1942,32340
1553076044.4,285.7,1972,32340
1553076044.4,285.8,2008,32340
1553076044.4,285.9,1987,32340
1553076044.4,286.0,1970,32340
1553076044.4,286.1,1983,32340
1553076044.4,286.2,1948,32340
1553076044.4,286.3,1941,32480
1553076045.2,286.4,1940,32480
1553076045.2,286.5,1958,32480
1553076045.2,286.6,1926,32480
1553076045.2,286.7,1908,32480
1553076045.2,286.8,1904,32480
1553076045.2,286.9,1929,32480
1553076045.2,287.0,1919,32620
1553076045.8,287.1,1921,32620
1553076045.8,287.2,1946,32620
1553076045.8,287.3,1969,32620
1553076045.8,287.4,1967,32620
1553076045.8,287.5,1979,32620
1553076045.8,287.6,1962,32620
1553076045.8,287.7,1944,32900
1553076047.2,287.8,1965,32900
1553076047.2,287.9,1975,32900
1553076047.2,288.0,1968,32900
1553076047.2,288.1,1961,32900
1553076047.2,288.2,1949,32900
1553076047.2,288.3,1913,32900
1553076047.2,288.4,1912,33040
1553076047.9,288.5,1898,33040
1553076047.9,288.6,1915,33040
1553076047.9,288.7,1907,33040
1553076047.9,288.8,1894,33040
1553076047.9,288.9,1879,33040
1553076047.9,289.0,1896,33040
1553076047.9,289.1,1901,33320
1553076049.7,289.2,1900,33320
1553076049.7,289.3,1905,33320
1553076049.7,289.4,1912,33320
1553076049.7,289.5,1896,33320
1553076049.7,289.6,1914,33320
1553076049.7,289.7,1878,33320
1553076049.7,289.8,1924,33460
1553076050.0,289.9,1918,33460
1553076050.0,290.0,1918,33460
1553076050.0,290.1,1968,33460
1553076050.0,290.2,2020,33460
1553076050.0,290.3,2005,33460
1553076050.0,290.4,2001,33460
1553076050.0,290.5,1934,33740
1553076051.4,290.6,1932,33740
1553076051.4,290.7,2028,33740
1553076051.4,290.8,2076,33740
1553076051.4,290.9,2093,33740
1553076051.4,291.0,2054,33740
1553076051.4,291.1,2012,33740
1553076051.4,291.2,1988,33880
1553076052.6,291.3,1980,33880
1553076052.6,291.4,1990,33880
1553076052.6,291.5,2049,33880
1553076052.6,291.6,2021,33880
1553076052.6,291.7,1973,33880
1553076052.6,291.8,1951,33880
1553076052.6,291.9,1950,34020
1553076052.7,292.0,1915,34020
1553076052.7,292.1,1959,34020
1553076052.7,292.2,2002,34020
1553076052.7,292.3,1989,34020
1553076052.7,292.4,1972,34020
1553076052.7,292.5,1968,34020
1553076052.7,292.6,1968,34160
1553076053.6,292.7,1950,34160
1553076053.6,292.8,1934,34160
1553076053.6,292.9,1926,34160
1553076053.6,293.0,1902,34160
1553076053.6,293.1,1879,34160
1553076053.6,293.2,1875,34160
1553076053.6,293.3,1951,34440
1553076054.8,293.4,1937,34440
1553076054.8,293.5,1916,34440
1553076054.8,293.6,1898,34440
1553076054.8,293.7,1897,34440
1553076054.8,293.8,1887,34440
1553076054.8,293.9,1879,34440
1553076054.8,294.0,1882,34580
1553076055.7,294.1,1911,34580
1553076055.7,294.2,1923,34580
1553076055.7,294.3,1914,34580
1553076055.7,294.4,1924,34580
1553076055.7,294.5,1936,34580
1553076055.7,294.6,1934,34580
1553076055.7,294.7,1940,34720
1553076056.3,294.8,1954,34720
1553076056.3,294.9,1887,34720
1553076056.3,295.0,1884,34720
1553076056.3,295.1,1888,34720
1553076056.3,295.2,1895,34720
1553076056.3,295.3,1844,34720
1553076056.3,295.4,1849,34860
1553076057.1,295.5,1842,34860
1553076057.1,295.6,1872,34860
1553076057.1,295.7,1874,34860
1553076057.1,295.8,1904,34860
1553076057.1,295.9,1932,34860
1553076057.1,296.0,1930,34860
1553076057.1,296.1,1926,35000
1553076057.7,296.2,1928,35000
1553076057.7,296.3,1888,35000
1553076057.7,296.4,1876,35000
1553076057.7,296.5,1892,35000
1553076057.7,296.6,1901,35000
1553076057.7,296.7,1895,35000
1553076057.7,296.8,1927,35280
1553076059.4,296.9,1907,35280
1553076059.4,297.0,1874,35280
1553076059.4,297.1,1870,35280
1553076059.4,297.2,1861,35280
1553076059.4,297.3,1836,35280
1553076059.4,297.4,1841,35280
1553076059.4,297.5,1883,35420
1553076059.8,297.6,1881,35420
1553076059.8,297.7,1841,35420
1553076059.8,297.8,1821,35420
1553076059.8,297.9,1838,35420
1553076059.8,298.0,1951,35420
1553076059.8,298.1,2052,35420
1553076059.8,298.2,2035,35560
1553076060.6,298.3,2001,35560
1553076060.6,298.4,1995,35560
1553076060.6,298.5,1977,35560
1553076060.6,298.6,1958,35560
1553076060.6,298.7,1975,35560
1553076060.6,298.8,1953,35560
1553076060.6,298.9,1923,35700
1553076061.7,299.0,1932,35700
1553076061.7,299.1,1927,35700
1553076061.7,299.2,1970,35700
1553076061.7,299.3,2041,35700
1553076061.7,299.4,2035,35700
1553076061.7,299.5,2029,35700
1553076061.7,299.6,2031,35840
1553076062.0,299.7,2006,35840
1553076062.0,299.8,1997,35840
1553076062.0,299.9,1972,35840
1553076062.0,300.0,1983,35840
1553076062.0,300.1,1916,35840
1553076062.0,300.2,1912,35840
1553076062.0,300.3,1895,35980
1553076062.6,300.4,1896,35980
1553076062.6,300.5,1889,35980
1553076062.6,300.6,1889,35980
1553076062.6,300.7,1898,35980
1553076062.6,300.8,1895,35980
1553076062.6,300.9,1945,35980
1553076062.6,301.0,1952,36120
1553076063.3,301.1,1942,36120
1553076063.3,301.2,1952,36120
1553076063.3,301.3,1941,36120
1553076063.3,301.4,1916,36120
1553076063.3,301.5,1944,36120
1553076063.3,301.6,1905,36120
1553076063.3,301.7,1891,36260
1553076064.0,301.8,1845,36260
1553076064.0,301.9,1829,36260
1553076064.0,302.0,1865,36260
1553076064.0,302.1,1895,36260
1553076064.0,302.2,1911,36260
1553076064.0,302.3,1919,36260
1553076064.0,302.4,1869,36540
1553076065.4,302.5,1849,36540
1553076065.4,302.6,1843,36540
1553076065.4,302.7,1900,36540
1553076065.4,302.8,1903,36540
1553076065.4,302.9,1894,36540
1553076065.4,303.0,1885,36540
1553076065.4,303.1,1910,36680
1553076066.1,303.2,1998,36680
1553076066.1,303.3,2003,36680
1553076066.1,303.4,1970,36680
1553076066.1,303.5,1954,36680
1553076066.1,303.6,1992,36680
1553076066.1,303.7,1975,36680
1553076066.1,303.8,1961,36820
1553076066.7,303.9,1941,36820
1553076066.7,304.0,1951,36820
1553076066.7,304.1,1933,36820
1553076066.7,304.2,1922,36820
1553076066.7,304.3,1908,36820
1553076066.7,304.4,1901,36820
1553076066.7,304.5,1936,36960
1553076067.9,304.6,1966,36960
1553076067.9,304.7,1958,36960
1553076067.9,304.8,1980,36960
1553076067.9,304.9,1957,36960
1553076067.9,305.0,1935,36960
1553076067.9,305.1,1929,36960
1553076067.9,305.2,1929,37100
1553076068.3,305.3,1910,37100
1553076068.3,305.4,1908,37100
1553076068.3,305.5,1923,37100
1553076068.3,305.6,1942,37100
1553076068.3,305.7,1942,37100
1553076068.3,305.8,1958,37100
1553076068.3,305.9,1980,37240
1553076068.9,306.0,1972,37240
1553076068.9,306.1,1968,37240
1553076068.9,306.2,1991,37240
1553076068.9,306.3,1941,37240
1553076068.9,306.4,1943,37240
1553076068.9,306.5,1949,37240
1553076068.9,306.6,1974,37380
1553076069.9,306.7,1928,37380
1553076069.9,306.8,1927,37380
1553076069.9,306.9,1900,37380
1553076069.9,307.0,1901,37380
1553076069.9,307.1,1906,37380
1553076069.9,307.2,1909,37380
1553076069.9,307.3,1929,37520
1553076071.1,307.4,1936,37520
1553076071.1,307.5,1929,37520
1553076071.1,307.6,1933,37520
1553076071.1,307.7,1946,37520
1553076071.1,307.8,1922,37520
1553076071.1,307.9,1929,37520
1553076071.1,308.0,1954,37800
1553076071.6,308.1,1965,37800
1553076071.6,308.2,1958,37800
1553076071.6,308.3,1955,37800
1553076071.6,308.4,1958,37800
1553076071.6,308.5,1942,37800
1553076071.6,308.6,1952,37800
1553076071.6,308.7,1910,38080
1553076073.1,308.8,1930,38080
1553076073.1,308.9,1961,38080
1553076073.1,309.0,1933,38080
1553076073.1,309.1,1928,38080
1553076073.1,309.2,1916,38080
1553076073.1,309.3,1919,38080
1553076073.1,309.4,1903,38220
1553076073.7,309.5,1904,38220
1553076073.7,309.6,1907,38220
1553076073.7,309.7,1915,38220
1553076073.7,309.8,1905,38220
1553076073.7,309.9,1896,38220
1553076073.7,310.0,1888,38220
1553076073.7,310.1,1894,38360
1553076074.5,310.2,1946,38360
1553076074.5,310.3,2028,38360
1553076074.5,310.4,2041,38360
1553076074.5,310.5,2018,38360
1553076074.5,310.6,1987,38360
1553076074.5,310.7,1956,38360
1553076074.5,310.8,1985,38640
1553076075.9,310.9,2017,38640
1553076075.9,311.0,2024,38640
1553076075.9,311.1,2004,38640
1553076075.9,311.2,2021,38640
1553076075.9,311.3,2011,38640
1553076075.9,311.4,2018,38640
1553076075.9,311.5,2037,38780
1553076076.5,311.6,2062,38780
1553076076.5,311.7,2039,38780
1553076076.5,311.8,2019,38780
1553076076.5,311.9,2006,38780
1553076076.5,312.0,2016,38780
1553076076.5,312.1,2002,38780
1553076076.5,312.2,2022,38920
1553076077.3,312.3,2009,38920
1553076077.3,312.4,2001,38920
1553076077.3,312.5,1973,38920
1553076077.3,312.6,1972,38920
1553076077.3,312.7,1971,38920
1553076077.3,312.8,1987,38920
1553076077.3,312.9,1992,39060
1553076078.3,313.0,1992,39060
1553076078.3,313.1,1992,39060
1553076078.3,313.2,1972,39060
1553076078.3,313.3,1955,39060
1553076078.3,313.4,1953,39060
1553076078.3,313.5,1924,39060
1553076078.3,313.6,1947,39200
1553076078.6,313.7,1955,39200
1553076078.6,313.8,1955,39200
1553076078.6,313.9,1967,39200
1553076078.6,314.0,1965,39200
1553076078.6,314.1,1950,39200
1553076078.6,314.2,1958,39200
1553076078.6,314.3,1882,39620
1553076080.7,314.4,1871,39620
1553076080.7,314.5,1865,39620
1553076080.7,314.6,1881,39620
1553076080.7,314.7,1913,39620
1553076080.7,314.8,1904,39620
1553076080.7,314.9,1861,39620
1553076080.7,315.0,1996,39900
1553076082.5,315.1,1995,39900
1553076082.5,315.2,2017,39900
1553076082.5,315.3,1987,39900
1553076082.5,315.4,1996,39900
1553076082.5,315.5,2016,39900
1553076082.5,315.6,1985,39900
1553076082.5,315.7,1861,40180
1553076083.6,315.8,1851,40180
1553076083.6,315.9,1858,40180
1553076083.6,316.0,1855,40180
1553076083.6,316.1,1870,40180
1553076083.6,316.2,1889,40180
1553076083.6,316.3,1912,40180
1553076083.6,316.4,1914,40320
1553076084.6,316.5,1875,40320
1553076084.6,316.6,1868,40320
1553076084.6,316.7,1884,40320
1553076084.6,316.8,1885,40320
1553076084.6,316.9,1885,40320
1553076084.6,317.0,1877,40320
1553076084.6,317.1,1899,40460
1553076084.9,317.2,1914,40460
1553076084.9,317.3,1913,40460
1553076084.9,317.4,1896,40460
1553076084.9,317.5,1898,40460
1553076084.9,317.6,1888,40460
1553076084.9,317.7,1888,40460
1553076084.9,317.8,1910,40740
1553076086.3,317.9,1906,40740
1553076086.3,318.0,1909,40740
1553076086.3,318.1,1913,40740
1553076086.3,318.2,1916,40740
1553076086.3,318.3,1923,40740
1553076086.3,318.4,1922,40740
1553076086.3,318.5,1905,40880
1553076087.0,318.6,1896,40880
1553076087.0,318.7,1892,40880
1553076087.0,318.8,1893,40880
1553076087.0,318.9,1900,40880
1553076087.0,319.0,1899,40880
1553076087.0,319.1,1893,40880
1553076087.0,319.2,1895,41160
1553076088.5,319.3,1892,41160
1553076088.5,319.4,1899,41160
1553076088.5,319.5,1899,41160
1553076088.5,319.6,1951,41160
1553076088.5,319.7,2018,41160
1553076088.5,319.8,2003,41160
1553076088.5,319.9,1971,41300
1553076089.1,320.0,1958,41300
1553076089.1,320.1,1968,41300
1553076089.1,320.2,1995,41300
1553076089.1,320.3,2000,41300
1553076089.1,320.4,1980,41300
1553076089.1,320.5,1986,41300
1553076089.1,320.6,1987,41440
1553076089.9,320.7,1963,41440
1553076089.9,320.8,1957,41440
1553076089.9,320.9,1954,41440
1553076089.9,321.0,1984,41440
1553076089.9,321.1,2005,41440
1553076089.9,321.2,1995,41440
1553076089.9,321.3,1994,41580
1553076090.5,321.4,1998,41580
1553076090.5,321.5,1977,41580
1553076090.5,321.6,1977,41580
1553076090.5,321.7,1957,41580
1553076090.5,321.8,1947,41580
1553076090.5,321.9,1971,41580
1553076090.5,322.0,1960,41720
1553076091.6,322.1,1927,41720
1553076091.6,322.2,1925,41720
1553076091.6,322.3,1922,41720
1553076091.6,322.4,1963,41720
1553076091.6,322.5,2011,41720
1553076091.6,322.6,1997,41720
1553076091.6,322.7,1962,42000
1553076092.7,322.8,1972,42000
1553076092.7,322.9,1988,42000
1553076092.7,323.0,1998,42000
1553076092.7,323.1,2025,42000
1553076092.7,323.2,2009,42000
1553076092.7,323.3,1999,42000
1553076092.7,323.4,2011,42140
1553076093.3,323.5,2012,42140
1553076093.3,323.6,2006,42140
1553076093.3,323.7,2000,42140
1553076093.3,323.8,1987,42140
1553076093.3,323.9,1991,42140
1553076093.3,324.0,1985,42140
1553076093.3,324.1,1961,42280
1553076094.2,324.2,1965,42280
1553076094.2,324.3,1943,42280
1553076094.2,324.4,1981,42280
1553076094.2,324.5,2003,42280
1553076094.2,324.6,2023,42280
1553076094.2,324.7,2033,42280
1553076094.2,324.8,2028,42420
1553076094.8,324.9,2044,42420
1553076094.8,325.0,2055,42420
1553076094.8,325.1,1998,42420
1553076094.8,325.2,1984,42420
1553076094.8,325.3,1992,42420
1553076094.8,325.4,1994,42420
1553076094.8,325.5,1997,42560
1553076095.4,325.6,2001,42560
1553076095.4,325.7,1996,42560
1553076095.4,325.8,1969,42560
1553076095.4,325.9,1927,42560
1553076095.4,326.0,1975,42560
1553076095.4,326.1,2012,42560
1553076095.4,326.2,1999,42700
1553076096.9,326.3,1999,42700
1553076096.9,326.4,2009,42700
1553076096.9,326.5,2018,42700
1553076096.9,326.6,2014,42700
1553076096.9,326.7,2003,42700
1553076096.9,326.8,1996,42700
1553076096.9,326.9,1993,42840
1553076097.2,327.0,1978,42840
1553076097.2,327.1,2001,42840
1553076097.2,327.2,1996,42840
1553076097.2,327.3,2015,42840
1553076097.2,327.4,2025,42840
1553076097.2,327.5,2003,42840
1553076097.2,327.6,1894,43400
1553076099.6,327.7,1878,43400
1553076099.6,327.8,1887,43400
1553076099.6,327.9,1865,43400
1553076099.6,328.0,1850,43400
1553076099.6,328.1,1882,43400
1553076099.6,328.2,1943,43400
1553076099.6,328.3,1976,43820
1553076101.8,328.4,1974,43820
1553076101.8,328.5,1963,43820
1553076101.8,328.6,1960,43820
1553076101.8,328.7,1948,43820
1553076101.8,328.8,1962,43820
1553076101.8,328.9,1940,43820
1553076101.8,329.0,1943,44100
1553076104.3,329.1,1983,44100
1553076104.3,329.2,1967,44100
1553076104.3,329.3,1959,44100
1553076104.3,329.4,1968,44100
1553076104.3,329.5,1956,44100
1553076104.3,329.6,1949,44100
1553076104.3,329.7,1917,44380
1553076104.7,329.8,1944,44380
1553076104.7,329.9,1944,44380
1553076104.7,330.0,1960,44380
1553076104.7,330.1,1940,44380
1553076104.7,330.2,1932,44380
1553076104.7,330.3,1928,44380
1553076104.7,330.4,1906,44520
1553076105.2,330.5,1910,44520
1553076105.2,330.6,1897,44520
1553076105.2,330.7,1878,44520
1553076105.2,330.8,1852,44520
1553076105.2,330.9,1887,44520
1553076105.2,331.0,1901,44520
1553076105.2,331.1,1956,44660
1553076105.9,331.2,2033,44660
1553076105.9,331.3,2051,44660
1553076105.9,331.4,2020,44660
1553076105.9,331.5,1995,44660
1553076105.9,331.6,1960,44660
1553076105.9,331.7,1983,44660
1553076105.9,331.8,1968,45080
1553076108.2,331.9,1968,45080
1553076108.2,332.0,1960,45080
1553076108.2,332.1,1928,45080
1553076108.2,332.2,1929,45080
1553076108.2,332.3,1934,45080
1553076108.2,332.4,1942,45080
1553076108.2,332.5,1946,45220
1553076109.2,332.6,1963,45220
1553076109.2,332.7,2012,45220
1553076109.2,332.8,2005,45220
1553076109.2,332.9,1995,45220
1553076109.2,333.0,2000,45220
1553076109.2,333.1,1985,45220
1553076109.2,333.2,1931,45500
1553076110.3,333.3,1931,45500
1553076110.3,333.4,1918,45500
1553076110.3,333.5,1970,45500
1553076110.3,333.6,2001,45500
1553076110.3,333.7,1996,45500
1553076110.3,333.8,1982,45500
1553076110.3,333.9,1951,45780
1553076111.7,334.0,1955,45780
1553076111.7,334.1,1963,45780
1553076111.7,334.2,2034,45780
1553076111.7,334.3,2032,45780
1553076111.7,334.4,2006,45780
1553076111.7,334.5,2000,45780
1553076111.7,334.6,2004,45920
1553076112.2,334.7,2006,45920
1553076112.2,334.8,2020,45920
1553076112.2,334.9,2013,45920
1553076112.2,335.0,1987,45920
1553076112.2,335.1,1996,45920
1553076112.2,335.2,1961,45920
1553076112.2,335.3,1961,46060
1553076112.8,335.4,1971,46060
1553076112.8,335.5,1972,46060
1553076112.8,335.6,2010,46060
1553076112.8,335.7,2011,46060
1553076112.8,335.8,2004,46060
1553076112.8,335.9,2028,46060
1553076112.8,336.0,2008,46200
1553076113.8,336.1,2016,46200
1553076113.8,336.2,2005,46200
1553076113.8,336.3,1989,46200
1553076113.8,336.4,1976,46200
1553076113.8,336.5,1956,46200
1553076113.8,336.6,1936,46200
1553076113.8,336.7,2013,46760
1553076118.6,336.8,2021,46760
1553076118.6,336.9,2002,46760
1553076118.6,337.0,1999,46760
1553076118.6,337.1,1987,46760
1553076118.6,337.2,1966,46760
1553076118.6,337.3,1914,46760
1553076118.6,337.4,1905,47180
1553076119.0,337.5,1922,47180
1553076119.0,337.6,1918,47180
1553076119.0,337.7,1950,47180
1553076119.0,337.8,1969,47180
1553076119.0,337.9,1952,47180
1553076119.0,338.0,1969,47180
