1553078416.6,0.0,1868,0
1553078416.6,0.1,1859,0
1553078416.6,0.2,1859,0
1553078416.6,0.3,1856,0
1553078416.6,0.4,1859,0
1553078416.6,0.5,1859,0
1553078416.6,0.6,1858,0
1553078416.6,0.7,1861,140
1553078417.1,0.8,1859,140
1553078417.1,0.9,1863,140
1553078417.1,1.0,1858,140
1553078417.1,1.1,1882,140
1553078417.1,1.2,1881,140
1553078417.1,1.3,1889,140
1553078417.1,1.4,1889,280
1553078417.9,1.5,1888,280
1553078417.9,1.6,1893,280
1553078417.9,1.7,1891,280
1553078417.9,1.8,1887,280
1553078417.9,1.9,1891,280
1553078417.9,2.0,1891,280
1553078417.9,2.1,1871,560
1553078419.2,2.2,1877,560
1553078419.2,2.3,1877,560
1553078419.2,2.4,1876,560
1553078419.2,2.5,1874,560
1553078419.2,2.6,1872,560
1553078419.2,2.7,1871,560
1553078419.2,2.8,1868,700
1553078419.9,2.9,1866,700
1553078419.9,3.0,1870,700
1553078419.9,3.1,1870,700
1553078419.9,3.2,1871,700
1553078419.9,3.3,1866,700
1553078419.9,3.4,1866,700
1553078419.9,3.5,1867,840
1553078420.6,3.6,1870,840
1553078420.6,3.7,1873,840
1553078420.6,3.8,1872,840
1553078420.6,3.9,1873,840
1553078420.6,4.0,1871,840
1553078420.6,4.1,1871,840
1553078420.6,4.2,1873,980
1553078421.2,4.3,1874,980
1553078421.2,4.4,1878,980
1553078421.2,4.5,1882,980
1553078421.2,4.6,1892,980
1553078421.2,4.7,1904,980
1553078421.2,4.8,1913,980
1553078421.2,4.9,1938,1120
1553078421.9,5.0,1963,1120
1553078421.9,5.1,1974,1120
1553078421.9,5.2,1968,1120
1553078421.9,5.3,1972,1120
1553078421.9,5.4,1971,1120
1553078421.9,5.5,1968,1120
1553078421.9,5.6,1965,1260
1553078422.6,5.7,1966,1260
1553078422.6,5.8,1968,1260
1553078422.6,5.9,1968,1260
1553078422.6,6.0,1967,1260
1553078422.6,6.1,1967,1260
1553078422.6,6.2,1968,1260
1553078422.6,6.3,1963,1400
1553078423.4,6.4,1966,1400
1553078423.4,6.5,1965,1400
1553078423.4,6.6,1963,1400
1553078423.4,6.7,1962,1400
1553078423.4,6.8,1963,1400
1553078423.4,6.9,1958,1400
1553078423.4,7.0,1953,1540
1553078424.0,7.1,1950,1540
1553078424.0,7.2,1946,1540
1553078424.0,7.3,1944,1540
1553078424.0,7.4,1941,1540
1553078424.0,7.5,1941,1540
1553078424.0,7.6,1942,1540
1553078424.0,7.7,1941,1680
1553078424.7,7.8,1939,1680
1553078424.7,7.9,1936,1680
1553078424.7,8.0,1931,1680
1553078424.7,8.1,1920,1680
1553078424.7,8.2,1914,1680
1553078424.7,8.3,1912,1680
1553078424.7,8.4,1912,1820
1553078425.5,8.5,1920,1820
1553078425.5,8.6,1937,1820
1553078425.5,8.7,1948,1820
1553078425.5,8.8,1948,1820
1553078425.5,8.9,1935,1820
1553078425.5,9.0,1935,1820
1553078425.5,9.1,1965,2660
1553078429.7,9.2,1949,2660
1553078429.7,9.3,1941,2660
1553078429.7,9.4,1941,2660
1553078429.7,9.5,1939,2660
1553078429.7,9.6,1937,2660
1553078429.7,9.7,1942,2660
1553078429.7,9.8,1932,3080
1553078431.8,9.9,1932,3080
1553078431.8,10.0,1926,3080
1553078431.8,10.1,1917,3080
1553078431.8,10.2,1918,3080
1553078431.8,10.3,1919,3080
1553078431.8,10.4,1915,3080
1553078431.8,10.5,1923,3360
1553078433.1,10.6,1915,3360
1553078433.1,10.7,1921,3360
1553078433.1,10.8,1917,3360
1553078433.1,10.9,1909,3360
1553078433.1,11.0,1906,3360
1553078433.1,11.1,1905,3360
1553078433.1,11.2,1902,3500
1553078433.9,11.3,1900,3500
1553078433.9,11.4,1898,3500
1553078433.9,11.5,1897,3500
1553078433.9,11.6,1895,3500
1553078433.9,11.7,1893,3500
1553078433.9,11.8,1894,3500
1553078433.9,11.9,1894,3780
1553078435.2,12.0,1891,3780
1553078435.2,12.1,1895,3780
1553078435.2,12.2,1895,3780
1553078435.2,12.3,1894,3780
1553078435.2,12.4,1893,3780
1553078435.2,12.5,1898,3780
1553078435.2,12.6,1932,4060
1553078436.6,12.7,1930,4060
1553078436.6,12.8,1930,4060
1553078436.6,12.9,1932,4060
1553078436.6,13.0,1931,4060
1553078436.6,13.1,1930,4060
1553078436.6,13.2,1934,4060
1553078436.6,13.3,1938,4200
1553078437.3,13.4,1933,4200
1553078437.3,13.5,1934,4200
1553078437.3,13.6,1934,4200
1553078437.3,13.7,1936,4200
1553078437.3,13.8,1940,4200
1553078437.3,13.9,1940,4200
1553078437.3,14.0,1921,4480
1553078438.8,14.1,1918,4480
1553078438.8,14.2,1915,4480
1553078438.8,14.3,1913,4480
1553078438.8,14.4,1910,4480
1553078438.8,14.5,1904,4480
1553078438.8,14.6,1897,4480
1553078438.8,14.7,1887,4620
1553078439.4,14.8,1892,4620
1553078439.4,14.9,1892,4620
1553078439.4,15.0,1892,4620
1553078439.4,15.1,1896,4620
1553078439.4,15.2,1904,4620
1553078439.4,15.3,1913,4620
1553078439.4,15.4,1909,4900
1553078440.8,15.5,1910,4900
1553078440.8,15.6,1912,4900
1553078440.8,15.7,1914,4900
1553078440.8,15.8,1921,4900
1553078440.8,15.9,1925,4900
1553078440.8,16.0,1933,4900
1553078440.8,16.1,1916,5320
1553078443.1,16.2,1914,5320
1553078443.1,16.3,1915,5320
1553078443.1,16.4,1915,5320
1553078443.1,16.5,1915,5320
1553078443.1,16.6,1916,5320
1553078443.1,16.7,1917,5320
1553078443.1,16.8,1916,5460
1553078443.7,16.9,1920,5460
1553078443.7,17.0,1928,5460
1553078443.7,17.1,1943,5460
1553078443.7,17.2,1958,5460
1553078443.7,17.3,1964,5460
1553078443.7,17.4,1972,5460
1553078443.7,17.5,1937,6020
1553078446.5,17.6,1931,6020
1553078446.5,17.7,1928,6020
1553078446.5,17.8,1925,6020
1553078446.5,17.9,1925,6020
1553078446.5,18.0,1926,6020
1553078446.5,18.1,1923,6020
1553078446.5,18.2,1907,6720
1553078450.0,18.3,1902,6720
1553078450.0,18.4,1900,6720
1553078450.0,18.5,1900,6720
1553078450.0,18.6,1900,6720
1553078450.0,18.7,1897,6720
1553078450.0,18.8,1897,6720
1553078450.0,18.9,1907,6860
1553078450.6,19.0,1930,6860
1553078450.6,19.1,1946,6860
1553078450.6,19.2,1961,6860
1553078450.6,19.3,1975,6860
1553078450.6,19.4,1982,6860
1553078450.6,19.5,1984,6860
1553078450.6,19.6,1972,7000
1553078451.5,19.7,1970,7000
1553078451.5,19.8,1972,7000
1553078451.5,19.9,1971,7000
1553078451.5,20.0,1971,7000
1553078451.5,20.1,1968,7000
1553078451.5,20.2,1965,7000
1553078451.5,20.3,1966,7140
1553078452.2,20.4,1967,7140
1553078452.2,20.5,1965,7140
1553078452.2,20.6,1968,7140
1553078452.2,20.7,1968,7140
1553078452.2,20.8,1965,7140
1553078452.2,20.9,1964,7140
1553078452.2,21.0,1961,7280
1553078452.7,21.1,1960,7280
1553078452.7,21.2,1959,7280
1553078452.7,21.3,1959,7280
1553078452.7,21.4,1961,7280
1553078452.7,21.5,1965,7280
1553078452.7,21.6,1961,7280
1553078452.7,21.7,1958,7560
1553078454.2,21.8,1956,7560
1553078454.2,21.9,1951,7560
1553078454.2,22.0,1952,7560
1553078454.2,22.1,1951,7560
1553078454.2,22.2,1948,7560
1553078454.2,22.3,1947,7560
1553078454.2,22.4,1946,7700
1553078454.8,22.5,1943,7700
1553078454.8,22.6,1940,7700
1553078454.8,22.7,1937,7700
1553078454.8,22.8,1935,7700
1553078454.8,22.9,1932,7700
1553078454.8,23.0,1935,7700
1553078454.8,23.1,1912,7980
1553078456.3,23.2,1910,7980
1553078456.3,23.3,1911,7980
1553078456.3,23.4,1911,7980
1553078456.3,23.5,1912,7980
1553078456.3,23.6,1913,7980
1553078456.3,23.7,1911,7980
1553078456.3,23.8,1909,8120
1553078456.9,23.9,1910,8120
1553078456.9,24.0,1906,8120
1553078456.9,24.1,1905,8120
1553078456.9,24.2,1906,8120
1553078456.9,24.3,1904,8120
1553078456.9,24.4,1905,8120
1553078456.9,24.5,1908,8260
1553078457.7,24.6,1907,8260
1553078457.7,24.7,1906,8260
1553078457.7,24.8,1906,8260
1553078457.7,24.9,1902,8260
1553078457.7,25.0,1900,8260
1553078457.7,25.1,1901,8260
1553078457.7,25.2,1920,8400
1553078458.3,25.3,1942,8400
1553078458.3,25.4,1970,8400
1553078458.3,25.5,1988,8400
1553078458.3,25.6,1986,8400
1553078458.3,25.7,1974,8400
1553078458.3,25.8,1968,8400
1553078458.3,25.9,1958,8960
1553078461.2,26.0,1955,8960
1553078461.2,26.1,1952,8960
1553078461.2,26.2,1948,8960
1553078461.2,26.3,1945,8960
1553078461.2,26.4,1946,8960
1553078461.2,26.5,1945,8960
1553078461.2,26.6,1945,9100
1553078461.9,26.7,1943,9100
1553078461.9,26.8,1926,9100
1553078461.9,26.9,1919,9100
1553078461.9,27.0,1918,9100
1553078461.9,27.1,1918,9100
1553078461.9,27.2,1913,9100
1553078461.9,27.3,1912,9240
1553078462.6,27.4,1908,9240
1553078462.6,27.5,1907,9240
1553078462.6,27.6,1909,9240
1553078462.6,27.7,1910,9240
1553078462.6,27.8,1912,9240
1553078462.6,27.9,1912,9240
1553078462.6,28.0,1910,9660
1553078464.7,28.1,1923,9660
1553078464.7,28.2,1943,9660
1553078464.7,28.3,1949,9660
1553078464.7,28.4,1974,9660
1553078464.7,28.5,1980,9660
1553078464.7,28.6,1985,9660
1553078464.7,28.7,1999,9800
1553078465.5,28.8,2000,9800
1553078465.5,28.9,2009,9800
1553078465.5,29.0,2025,9800
1553078465.5,29.1,2018,9800
1553078465.5,29.2,2004,9800
1553078465.5,29.3,2005,9800
1553078465.5,29.4,1997,10080
1553078466.8,29.5,1996,10080
1553078466.8,29.6,1997,10080
1553078466.8,29.7,1996,10080
1553078466.8,29.8,1996,10080
1553078466.8,29.9,1995,10080
1553078466.8,30.0,1995,10080
1553078466.8,30.1,1998,10220
1553078467.6,30.2,2005,10220
1553078467.6,30.3,2009,10220
1553078467.6,30.4,2008,10220
1553078467.6,30.5,2019,10220
1553078467.6,30.6,2044,10220
1553078467.6,30.7,2050,10220
1553078467.6,30.8,1947,10640
1553078469.6,30.9,1946,10640
1553078469.6,31.0,1947,10640
1553078469.6,31.1,1943,10640
1553078469.6,31.2,1942,10640
1553078469.6,31.3,1936,10640
1553078469.6,31.4,1929,10640
1553078469.6,31.5,1925,10780
1553078470.4,31.6,1925,10780
1553078470.4,31.7,1927,10780
1553078470.4,31.8,1925,10780
1553078470.4,31.9,1923,10780
1553078470.4,32.0,1920,10780
1553078470.4,32.1,1919,10780
1553078470.4,32.2,1920,10920
1553078470.9,32.3,1921,10920
1553078470.9,32.4,1922,10920
1553078470.9,32.5,1924,10920
1553078470.9,32.6,1922,10920
1553078470.9,32.7,1920,10920
1553078470.9,32.8,1920,10920
1553078470.9,32.9,1918,11060
1553078471.6,33.0,1923,11060
1553078471.6,33.1,1925,11060
1553078471.6,33.2,1926,11060
1553078471.6,33.3,1929,11060
1553078471.6,33.4,1926,11060
1553078471.6,33.5,1924,11060
1553078471.6,33.6,1928,11200
1553078472.3,33.7,1952,11200
1553078472.3,33.8,1971,11200
1553078472.3,33.9,1984,11200
1553078472.3,34.0,1991,11200
1553078472.3,34.1,1995,11200
1553078472.3,34.2,1989,11200
1553078472.3,34.3,1955,11900
1553078475.8,34.4,1949,11900
1553078475.8,34.5,1935,11900
1553078475.8,34.6,1943,11900
1553078475.8,34.7,1951,11900
1553078475.8,34.8,1953,11900
1553078475.8,34.9,1952,11900
1553078475.8,35.0,1928,12320
1553078478.1,35.1,1925,12320
1553078478.1,35.2,1922,12320
1553078478.1,35.3,1917,12320
1553078478.1,35.4,1927,12320
1553078478.1,35.5,1936,12320
1553078478.1,35.6,1934,12320
1553078478.1,35.7,1991,12880
1553078480.8,35.8,1992,12880
1553078480.8,35.9,1986,12880
1553078480.8,36.0,1991,12880
1553078480.8,36.1,1990,12880
1553078480.8,36.2,1982,12880
1553078480.8,36.3,1975,12880
1553078480.8,36.4,1958,13160
1553078482.2,36.5,1959,13160
1553078482.2,36.6,1958,13160
1553078482.2,36.7,1956,13160
1553078482.2,36.8,1973,13160
1553078482.2,36.9,1980,13160
1553078482.2,37.0,1964,13160
1553078482.2,37.1,1960,13300
1553078482.9,37.2,1958,13300
1553078482.9,37.3,1955,13300
1553078482.9,37.4,1954,13300
1553078482.9,37.5,1953,13300
1553078482.9,37.6,1953,13300
1553078482.9,37.7,1954,13300
1553078482.9,37.8,1952,13440
1553078483.5,37.9,1949,13440
1553078483.5,38.0,1948,13440
1553078483.5,38.1,1950,13440
1553078483.5,38.2,1954,13440
1553078483.5,38.3,1965,13440
1553078483.5,38.4,1982,13440
1553078483.5,38.5,1985,13580
1553078484.3,38.6,1970,13580
1553078484.3,38.7,1964,13580
1553078484.3,38.8,1961,13580
1553078484.3,38.9,1964,13580
1553078484.3,39.0,1965,13580
1553078484.3,39.1,1967,13580
1553078484.3,39.2,1982,14280
1553078487.7,39.3,1980,14280
1553078487.7,39.4,1980,14280
1553078487.7,39.5,1980,14280
1553078487.7,39.6,1979,14280
1553078487.7,39.7,1979,14280
1553078487.7,39.8,1978,14280
1553078487.7,39.9,1976,14420
1553078488.5,40.0,1970,14420
1553078488.5,40.1,1973,14420
1553078488.5,40.2,1970,14420
1553078488.5,40.3,1966,14420
1553078488.5,40.4,1964,14420
1553078488.5,40.5,1962,14420
1553078488.5,40.6,1957,14700
1553078489.9,40.7,1967,14700
1553078489.9,40.8,1971,14700
1553078489.9,40.9,1971,14700
1553078489.9,41.0,1969,14700
1553078489.9,41.1,1968,14700
1553078489.9,41.2,1968,14700
1553078489.9,41.3,1968,14840
1553078490.5,41.4,1973,14840
1553078490.5,41.5,1984,14840
1553078490.5,41.6,1992,14840
1553078490.5,41.7,1991,14840
1553078490.5,41.8,1992,14840
1553078490.5,41.9,1992,14840
1553078490.5,42.0,1989,14980
1553078491.3,42.1,1988,14980
1553078491.3,42.2,1987,14980
1553078491.3,42.3,1982,14980
1553078491.3,42.4,1981,14980
1553078491.3,42.5,1982,14980
1553078491.3,42.6,1981,14980
1553078491.3,42.7,1965,15260
1553078492.6,42.8,1963,15260
1553078492.6,42.9,1965,15260
1553078492.6,43.0,1972,15260
1553078492.6,43.1,1981,15260
1553078492.6,43.2,1981,15260
1553078492.6,43.3,1971,15260
1553078492.6,43.4,1926,15820
1553078495.4,43.5,1925,15820
1553078495.4,43.6,1924,15820
1553078495.4,43.7,1919,15820
1553078495.4,43.8,1922,15820
1553078495.4,43.9,1922,15820
1553078495.4,44.0,1918,15820
1553078495.4,44.1,1921,16240
1553078497.6,44.2,1921,16240
1553078497.6,44.3,1924,16240
1553078497.6,44.4,1921,16240
1553078497.6,44.5,1923,16240
1553078497.6,44.6,1923,16240
1553078497.6,44.7,1921,16240
1553078497.6,44.8,1928,16380
1553078498.3,44.9,1928,16380
1553078498.3,45.0,1922,16380
1553078498.3,45.1,1926,16380
1553078498.3,45.2,1926,16380
1553078498.3,45.3,1921,16380
1553078498.3,45.4,1924,16380
1553078498.3,45.5,1925,16520
1553078499.0,45.6,1918,16520
1553078499.0,45.7,1916,16520
1553078499.0,45.8,1915,16520
1553078499.0,45.9,1914,16520
1553078499.0,46.0,1913,16520
1553078499.0,46.1,1915,16520
1553078499.0,46.2,1914,16660
1553078499.7,46.3,1913,16660
1553078499.7,46.4,1916,16660
1553078499.7,46.5,1912,16660
1553078499.7,46.6,1912,16660
1553078499.7,46.7,1926,16660
1553078499.7,46.8,1941,16660
1553078499.7,46.9,1960,16800
1553078500.4,47.0,1972,16800
1553078500.4,47.1,1979,16800
1553078500.4,47.2,1991,16800
1553078500.4,47.3,1999,16800
1553078500.4,47.4,1990,16800
1553078500.4,47.5,1983,16800
1553078500.4,47.6,1964,17220
1553078502.5,47.7,1963,17220
1553078502.5,47.8,1962,17220
1553078502.5,47.9,1961,17220
1553078502.5,48.0,1962,17220
1553078502.5,48.1,1960,17220
1553078502.5,48.2,1956,17220
1553078502.5,48.3,1953,17360
1553078503.1,48.4,1949,17360
1553078503.1,48.5,1948,17360
1553078503.1,48.6,1945,17360
1553078503.1,48.7,1944,17360
1553078503.1,48.8,1934,17360
1553078503.1,48.9,1925,17360
1553078503.1,49.0,1915,17780
1553078505.2,49.1,1917,17780
1553078505.2,49.2,1914,17780
1553078505.2,49.3,1914,17780
1553078505.2,49.4,1915,17780
1553078505.2,49.5,1912,17780
1553078505.2,49.6,1915,17780
1553078505.2,49.7,1912,17920
1553078506.0,49.8,1912,17920
1553078506.0,49.9,1912,17920
1553078506.0,50.0,1909,17920
1553078506.0,50.1,1912,17920
1553078506.0,50.2,1913,17920
1553078506.0,50.3,1928,17920
1553078506.0,50.4,1944,18060
1553078506.6,50.5,1955,18060
1553078506.6,50.6,1958,18060
1553078506.6,50.7,1958,18060
1553078506.6,50.8,1959,18060
1553078506.6,50.9,1957,18060
1553078506.6,51.0,1958,18060
1553078506.6,51.1,1957,18200
1553078507.3,51.2,1963,18200
1553078507.3,51.3,1969,18200
1553078507.3,51.4,1982,18200
1553078507.3,51.5,1992,18200
1553078507.3,51.6,1987,18200
1553078507.3,51.7,1975,18200
1553078507.3,51.8,1957,18760
1553078510.1,51.9,1955,18760
1553078510.1,52.0,1956,18760
1553078510.1,52.1,1955,18760
1553078510.1,52.2,1954,18760
1553078510.1,52.3,1954,18760
1553078510.1,52.4,1953,18760
1553078510.1,52.5,1921,19040
1553078511.5,52.6,1915,19040
1553078511.5,52.7,1910,19040
1553078511.5,52.8,1910,19040
1553078511.5,52.9,1907,19040
1553078511.5,53.0,1901,19040
1553078511.5,53.1,1901,19040
1553078511.5,53.2,1904,19180
1553078512.3,53.3,1901,19180
1553078512.3,53.4,1904,19180
1553078512.3,53.5,1907,19180
1553078512.3,53.6,1905,19180
1553078512.3,53.7,1903,19180
1553078512.3,53.8,1904,19180
1553078512.3,53.9,1906,19320
1553078512.9,54.0,1904,19320
1553078512.9,54.1,1905,19320
1553078512.9,54.2,1904,19320
1553078512.9,54.3,1905,19320
1553078512.9,54.4,1910,19320
1553078512.9,54.5,1903,19320
1553078512.9,54.6,1910,19600
1553078514.3,54.7,1909,19600
1553078514.3,54.8,1916,19600
1553078514.3,54.9,1935,19600
1553078514.3,55.0,1953,19600
1553078514.3,55.1,1974,19600
1553078514.3,55.2,1977,19600
1553078514.3,55.3,1958,19880
1553078515.7,55.4,1959,19880
1553078515.7,55.5,1956,19880
1553078515.7,55.6,1959,19880
1553078515.7,55.7,1961,19880
1553078515.7,55.8,1958,19880
1553078515.7,55.9,1958,19880
1553078515.7,56.0,1941,20300
1553078518.0,56.1,1938,20300
1553078518.0,56.2,1932,20300
1553078518.0,56.3,1930,20300
1553078518.0,56.4,1928,20300
1553078518.0,56.5,1928,20300
1553078518.0,56.6,1926,20300
1553078518.0,56.7,1927,20440
1553078518.6,56.8,1927,20440
1553078518.6,56.9,1928,20440
1553078518.6,57.0,1927,20440
1553078518.6,57.1,1929,20440
1553078518.6,57.2,1929,20440
1553078518.6,57.3,1924,20440
1553078518.6,57.4,1923,20580
1553078519.4,57.5,1925,20580
1553078519.4,57.6,1928,20580
1553078519.4,57.7,1927,20580
1553078519.4,57.8,1929,20580
1553078519.4,57.9,1928,20580
1553078519.4,58.0,1926,20580
1553078519.4,58.1,1991,20860
1553078520.6,58.2,1997,20860
1553078520.6,58.3,2003,20860
1553078520.6,58.4,2010,20860
1553078520.6,58.5,2018,20860
1553078520.6,58.6,2012,20860
1553078520.6,58.7,2000,20860
1553078520.6,58.8,1987,21560
1553078524.1,58.9,1983,21560
1553078524.1,59.0,1977,21560
1553078524.1,59.1,1970,21560
1553078524.1,59.2,1965,21560
1553078524.1,59.3,1964,21560
1553078524.1,59.4,1965,21560
1553078524.1,59.5,1940,21840
1553078525.6,59.6,1938,21840
1553078525.6,59.7,1937,21840
1553078525.6,59.8,1936,21840
1553078525.6,59.9,1935,21840
1553078525.6,60.0,1931,21840
1553078525.6,60.1,1930,21840
1553078525.6,60.2,1921,22120
1553078526.9,60.3,1918,22120
1553078526.9,60.4,1917,22120
1553078526.9,60.5,1915,22120
1553078526.9,60.6,1914,22120
1553078526.9,60.7,1915,22120
1553078526.9,60.8,1917,22120
1553078526.9,60.9,1952,22400
1553078528.3,61.0,1946,22400
1553078528.3,61.1,1961,22400
1553078528.3,61.2,1974,22400
1553078528.3,61.3,1982,22400
1553078528.3,61.4,1986,22400
1553078528.3,61.5,1985,22400
1553078528.3,61.6,1982,22540
1553078529.0,61.7,1975,22540
1553078529.0,61.8,1969,22540
1553078529.0,61.9,1968,22540
1553078529.0,62.0,1966,22540
1553078529.0,62.1,1963,22540
1553078529.0,62.2,1962,22540
1553078529.0,62.3,1959,22820
1553078530.4,62.4,1963,22820
1553078530.4,62.5,1959,22820
1553078530.4,62.6,1952,22820
1553078530.4,62.7,1956,22820
1553078530.4,62.8,1954,22820
1553078530.4,62.9,1945,22820
1553078530.4,63.0,1946,22960
1553078531.1,63.1,1949,22960
1553078531.1,63.2,1944,22960
1553078531.1,63.3,1950,22960
1553078531.1,63.4,1951,22960
1553078531.1,63.5,1944,22960
1553078531.1,63.6,1945,22960
1553078531.1,63.7,1938,23100
1553078531.9,63.8,1937,23100
1553078531.9,63.9,1939,23100
1553078531.9,64.0,1936,23100
1553078531.9,64.1,1935,23100
1553078531.9,64.2,1933,23100
1553078531.9,64.3,1930,23100
1553078531.9,64.4,1942,23520
1553078533.9,64.5,1951,23520
1553078533.9,64.6,1964,23520
1553078533.9,64.7,1946,23520
1553078533.9,64.8,1941,23520
1553078533.9,64.9,1959,23520
1553078533.9,65.0,1965,23520
1553078533.9,65.1,1961,23940
1553078536.1,65.2,1958,23940
1553078536.1,65.3,1954,23940
1553078536.1,65.4,1949,23940
1553078536.1,65.5,1943,23940
1553078536.1,65.6,1938,23940
1553078536.1,65.7,1928,23940
1553078536.1,65.8,1920,24080
1553078536.8,65.9,1920,24080
1553078536.8,66.0,1919,24080
1553078536.8,66.1,1923,24080
1553078536.8,66.2,1917,24080
1553078536.8,66.3,1920,24080
1553078536.8,66.4,1921,24080
1553078536.8,66.5,1942,24640
1553078539.6,66.6,1942,24640
1553078539.6,66.7,1945,24640
1553078539.6,66.8,1945,24640
1553078539.6,66.9,1948,24640
1553078539.6,67.0,1945,24640
1553078539.6,67.1,1945,24640
1553078539.6,67.2,1946,26460
1553078548.6,67.3,1955,26460
1553078548.6,67.4,1963,26460
1553078548.6,67.5,1973,26460
1553078548.6,67.6,1980,26460
1553078548.6,67.7,1982,26460
1553078548.6,67.8,1985,26460
1553078548.6,67.9,1915,26880
1553078550.7,68.0,1909,26880
1553078550.7,68.1,1902,26880
1553078550.7,68.2,1902,26880
1553078550.7,68.3,1900,26880
1553078550.7,68.4,1899,26880
1553078550.7,68.5,1895,26880
1553078550.7,68.6,1896,27020
1553078551.3,68.7,1895,27020
1553078551.3,68.8,1894,27020
1553078551.3,68.9,1895,27020
1553078551.3,69.0,1894,27020
1553078551.3,69.1,1893,27020
1553078551.3,69.2,1893,27020
1553078551.3,69.3,1983,27720
1553078554.9,69.4,1985,27720
1553078554.9,69.5,1989,27720
1553078554.9,69.6,1996,27720
1553078554.9,69.7,2004,27720
1553078554.9,69.8,2005,27720
1553078554.9,69.9,1977,27720
1553078554.9,70.0,1955,27860
1553078555.6,70.1,1938,27860
1553078555.6,70.2,1951,27860
1553078555.6,70.3,1958,27860
1553078555.6,70.4,1963,27860
1553078555.6,70.5,1961,27860
1553078555.6,70.6,1958,27860
1553078555.6,70.7,1904,29680
1553078564.6,70.8,1901,29680
1553078564.6,70.9,1901,29680
1553078564.6,71.0,1903,29680
1553078564.6,71.1,1900,29680
1553078564.6,71.2,1902,29680
1553078564.6,71.3,1903,29680
1553078564.6,71.4,1901,29820
1553078565.4,71.5,1901,29820
1553078565.4,71.6,1902,29820
1553078565.4,71.7,1902,29820
1553078565.4,71.8,1904,29820
1553078565.4,71.9,1903,29820
1553078565.4,72.0,1903,29820
1553078565.4,72.1,1903,30100
1553078566.7,72.2,1899,30100
1553078566.7,72.3,1902,30100
1553078566.7,72.4,1899,30100
1553078566.7,72.5,1899,30100
1553078566.7,72.6,1896,30100
1553078566.7,72.7,1897,30100
1553078566.7,72.8,1946,30520
1553078568.8,72.9,1941,30520
1553078568.8,73.0,1939,30520
1553078568.8,73.1,1935,30520
1553078568.8,73.2,1936,30520
1553078568.8,73.3,1935,30520
1553078568.8,73.4,1930,30520
1553078568.8,73.5,1931,30660
1553078569.7,73.6,1927,30660
1553078569.7,73.7,1929,30660
1553078569.7,73.8,1932,30660
1553078569.7,73.9,1936,30660
1553078569.7,74.0,1935,30660
1553078569.7,74.1,1934,30660
1553078569.7,74.2,1959,31360
1553078573.1,74.3,1962,31360
1553078573.1,74.4,1971,31360
1553078573.1,74.5,1981,31360
1553078573.1,74.6,1986,31360
1553078573.1,74.7,1999,31360
1553078573.1,74.8,2017,31360
1553078573.1,74.9,2035,31640
1553078574.6,75.0,2023,31640
1553078574.6,75.1,2024,31640
1553078574.6,75.2,2044,31640
1553078574.6,75.3,2047,31640
1553078574.6,75.4,2039,31640
1553078574.6,75.5,2018,31640
1553078574.6,75.6,2001,31780
1553078575.1,75.7,1994,31780
1553078575.1,75.8,1984,31780
1553078575.1,75.9,1974,31780
1553078575.1,76.0,1969,31780
1553078575.1,76.1,1960,31780
1553078575.1,76.2,1956,31780
1553078575.1,76.3,1950,31920
1553078575.9,76.4,1945,31920
1553078575.9,76.5,1942,31920
1553078575.9,76.6,1943,31920
1553078575.9,76.7,1941,31920
1553078575.9,76.8,1944,31920
1553078575.9,76.9,1944,31920
1553078575.9,77.0,1948,32200
1553078577.2,77.1,1949,32200
1553078577.2,77.2,1948,32200
1553078577.2,77.3,1945,32200
1553078577.2,77.4,1945,32200
1553078577.2,77.5,1948,32200
1553078577.2,77.6,1947,32200
1553078577.2,77.7,1946,32340
1553078578.1,77.8,1943,32340
1553078578.1,77.9,1946,32340
1553078578.1,78.0,1945,32340
1553078578.1,78.1,1944,32340
1553078578.1,78.2,1948,32340
1553078578.1,78.3,1948,32340
1553078578.1,78.4,1954,32620
1553078579.3,78.5,1952,32620
1553078579.3,78.6,1945,32620
1553078579.3,78.7,1952,32620
1553078579.3,78.8,1952,32620
1553078579.3,78.9,1947,32620
1553078579.3,79.0,1957,32620
1553078579.3,79.1,1948,32900
1553078580.8,79.2,1946,32900
1553078580.8,79.3,1947,32900
1553078580.8,79.4,1942,32900
1553078580.8,79.5,1944,32900
1553078580.8,79.6,1944,32900
1553078580.8,79.7,1939,32900
1553078580.8,79.8,1945,33180
1553078582.1,79.9,1940,33180
1553078582.1,80.0,1942,33180
1553078582.1,80.1,1943,33180
1553078582.1,80.2,1941,33180
1553078582.1,80.3,1942,33180
1553078582.1,80.4,1941,33180
1553078582.1,80.5,1941,33320
1553078583.0,80.6,1941,33320
1553078583.0,80.7,1943,33320
1553078583.0,80.8,1942,33320
1553078583.0,80.9,1941,33320
1553078583.0,81.0,1940,33320
1553078583.0,81.1,1938,33320
1553078583.0,81.2,1941,33460
1553078583.6,81.3,1939,33460
1553078583.6,81.4,1942,33460
1553078583.6,81.5,1943,33460
1553078583.6,81.6,1943,33460
1553078583.6,81.7,1940,33460
1553078583.6,81.8,1942,33460
1553078583.6,81.9,1942,33600
1553078584.2,82.0,1942,33600
1553078584.2,82.1,1940,33600
1553078584.2,82.2,1941,33600
1553078584.2,82.3,1942,33600
1553078584.2,82.4,1941,33600
1553078584.2,82.5,1943,33600
1553078584.2,82.6,1947,34160
1553078587.1,82.7,1964,34160
1553078587.1,82.8,1975,34160
1553078587.1,82.9,1974,34160
1553078587.1,83.0,1969,34160
1553078587.1,83.1,1972,34160
1553078587.1,83.2,1970,34160
1553078587.1,83.3,1967,34300
1553078587.7,83.4,1965,34300
1553078587.7,83.5,1966,34300
1553078587.7,83.6,1969,34300
1553078587.7,83.7,1972,34300
1553078587.7,83.8,1962,34300
1553078587.7,83.9,1958,34300
1553078587.7,84.0,1959,34720
1553078589.8,84.1,1959,34720
1553078589.8,84.2,1960,34720
1553078589.8,84.3,1964,34720
1553078589.8,84.4,1967,34720
1553078589.8,84.5,1961,34720
1553078589.8,84.6,1960,34720
1553078589.8,84.7,1960,34860
1553078590.6,84.8,1965,34860
1553078590.6,84.9,1965,34860
1553078590.6,85.0,1965,34860
1553078590.6,85.1,1966,34860
1553078590.6,85.2,1959,34860
1553078590.6,85.3,1953,34860
1553078590.6,85.4,1948,35000
1553078591.3,85.5,1947,35000
1553078591.3,85.6,1946,35000
1553078591.3,85.7,1948,35000
1553078591.3,85.8,1951,35000
1553078591.3,85.9,1954,35000
1553078591.3,86.0,1965,35000
1553078591.3,86.1,1965,35560
1553078594.0,86.2,1964,35560
1553078594.0,86.3,1963,35560
1553078594.0,86.4,1958,35560
1553078594.0,86.5,1959,35560
1553078594.0,86.6,1962,35560
1553078594.0,86.7,1960,35560
1553078594.0,86.8,1970,35840
1553078595.6,86.9,1963,35840
1553078595.6,87.0,1970,35840
1553078595.6,87.1,1973,35840
1553078595.6,87.2,1968,35840
1553078595.6,87.3,1974,35840
1553078595.6,87.4,1978,35840
1553078595.6,87.5,1975,35980
1553078596.1,87.6,1992,35980
1553078596.1,87.7,1993,35980
1553078596.1,87.8,1991,35980
1553078596.1,87.9,2001,35980
1553078596.1,88.0,1995,35980
1553078596.1,88.1,1990,35980
1553078596.1,88.2,1977,36260
1553078597.5,88.3,1975,36260
1553078597.5,88.4,1978,36260
1553078597.5,88.5,1975,36260
1553078597.5,88.6,1972,36260
1553078597.5,88.7,1975,36260
1553078597.5,88.8,1970,36260
1553078597.5,88.9,1970,36400
1553078598.2,89.0,1971,36400
1553078598.2,89.1,1971,36400
1553078598.2,89.2,1971,36400
1553078598.2,89.3,1970,36400
1553078598.2,89.4,1975,36400
1553078598.2,89.5,1969,36400
1553078598.2,89.6,1922,36820
1553078600.3,89.7,1919,36820
1553078600.3,89.8,1920,36820
1553078600.3,89.9,1921,36820
1553078600.3,90.0,1926,36820
1553078600.3,90.1,1928,36820
1553078600.3,90.2,1933,36820
1553078600.3,90.3,1937,37240
1553078602.4,90.4,1954,37240
1553078602.4,90.5,1957,37240
1553078602.4,90.6,1962,37240
1553078602.4,90.7,1947,37240
1553078602.4,90.8,1924,37240
1553078602.4,90.9,1914,37240
1553078602.4,91.0,1968,37660
1553078604.5,91.1,1979,37660
1553078604.5,91.2,1981,37660
1553078604.5,91.3,1976,37660
1553078604.5,91.4,1969,37660
1553078604.5,91.5,1967,37660
1553078604.5,91.6,1966,37660
1553078604.5,91.7,1966,37800
1553078605.2,91.8,1966,37800
1553078605.2,91.9,1965,37800
1553078605.2,92.0,1965,37800
1553078605.2,92.1,1965,37800
1553078605.2,92.2,1963,37800
1553078605.2,92.3,1963,37800
1553078605.2,92.4,1968,38080
1553078606.6,92.5,1958,38080
1553078606.6,92.6,1957,38080
1553078606.6,92.7,1963,38080
1553078606.6,92.8,1959,38080
1553078606.6,92.9,1961,38080
1553078606.6,93.0,1960,38080
1553078606.6,93.1,1962,38500
1553078608.7,93.2,1953,38500
1553078608.7,93.3,1938,38500
1553078608.7,93.4,1933,38500
1553078608.7,93.5,1926,38500
1553078608.7,93.6,1931,38500
1553078608.7,93.7,1938,38500
1553078608.7,93.8,1937,38640
1553078609.4,93.9,1938,38640
1553078609.4,94.0,1941,38640
1553078609.4,94.1,1942,38640
1553078609.4,94.2,1939,38640
1553078609.4,94.3,1930,38640
1553078609.4,94.4,1925,38640
1553078609.4,94.5,1919,38920
1553078610.8,94.6,1921,38920
1553078610.8,94.7,1925,38920
1553078610.8,94.8,1930,38920
1553078610.8,94.9,1930,38920
1553078610.8,95.0,1932,38920
1553078610.8,95.1,1933,38920
1553078610.8,95.2,1978,39340
1553078612.9,95.3,1974,39340
1553078612.9,95.4,1977,39340
1553078612.9,95.5,1978,39340
1553078612.9,95.6,1972,39340
1553078612.9,95.7,1977,39340
1553078612.9,95.8,1973,39340
1553078612.9,95.9,1969,39480
1553078613.6,96.0,1968,39480
1553078613.6,96.1,1970,39480
1553078613.6,96.2,1968,39480
1553078613.6,96.3,1971,39480
1553078613.6,96.4,1971,39480
1553078613.6,96.5,1967,39480
1553078613.6,96.6,1972,39620
1553078614.3,96.7,1971,39620
1553078614.3,96.8,1970,39620
1553078614.3,96.9,1968,39620
1553078614.3,97.0,1970,39620
1553078614.3,97.1,1970,39620
1553078614.3,97.2,1971,39620
1553078614.3,97.3,1970,39900
1553078616.0,97.4,1973,39900
1553078616.0,97.5,1973,39900
1553078616.0,97.6,1970,39900
1553078616.0,97.7,1969,39900
1553078616.0,97.8,1971,39900
1553078616.0,97.9,1968,39900
1553078616.0,98.0,1975,40180
1553078617.1,98.1,1976,40180
1553078617.1,98.2,1975,40180
1553078617.1,98.3,1978,40180
1553078617.1,98.4,1975,40180
1553078617.1,98.5,1972,40180
1553078617.1,98.6,1973,40180
1553078617.1,98.7,1900,40600
1553078619.2,98.8,1902,40600
1553078619.2,98.9,1903,40600
1553078619.2,99.0,1904,40600
1553078619.2,99.1,1904,40600
1553078619.2,99.2,1902,40600
1553078619.2,99.3,1908,40600
1553078619.2,99.4,1962,40880
1553078620.6,99.5,1970,40880
1553078620.6,99.6,1968,40880
1553078620.6,99.7,1967,40880
1553078620.6,99.8,1970,40880
1553078620.6,99.9,1970,40880
1553078620.6,100.0,1968,40880
1553078620.6,100.1,1950,41300
1553078622.8,100.2,1940,41300
1553078622.8,100.3,1939,41300
1553078622.8,100.4,1934,41300
1553078622.8,100.5,1937,41300
1553078622.8,100.6,1934,41300
1553078622.8,100.7,1936,41300
1553078622.8,100.8,1934,41720
1553078624.8,100.9,1937,41720
1553078624.8,101.0,1945,41720
1553078624.8,101.1,1955,41720
1553078624.8,101.2,1957,41720
1553078624.8,101.3,1955,41720
1553078624.8,101.4,1955,41720
1553078624.8,101.5,1884,42840
1553078630.4,101.6,1881,42840
1553078630.4,101.7,1881,42840
1553078630.4,101.8,1880,42840
1553078630.4,101.9,1875,42840
1553078630.4,102.0,1877,42840
1553078630.4,102.1,1878,42840
1553078630.4,102.2,1880,43120
1553078631.8,102.3,1883,43120
1553078631.8,102.4,1886,43120
1553078631.8,102.5,1883,43120
1553078631.8,102.6,1883,43120
1553078631.8,102.7,1885,43120
1553078631.8,102.8,1886,43120
1553078631.8,102.9,1884,43260
1553078632.5,103.0,1887,43260
1553078632.5,103.1,1898,43260
1553078632.5,103.2,1909,43260
1553078632.5,103.3,1924,43260
1553078632.5,103.4,1930,43260
1553078632.5,103.5,1931,43260
1553078632.5,103.6,1932,43400
1553078633.2,103.7,1934,43400
1553078633.2,103.8,1939,43400
1553078633.2,103.9,1940,43400
1553078633.2,104.0,1939,43400
1553078633.2,104.1,1938,43400
1553078633.2,104.2,1945,43400
1553078633.2,104.3,1971,43680
1553078634.6,104.4,1968,43680
1553078634.6,104.5,1972,43680
1553078634.6,104.6,1967,43680
1553078634.6,104.7,1970,43680
1553078634.6,104.8,1967,43680
1553078634.6,104.9,1968,43680
1553078634.6,105.0,1959,44100
1553078636.7,105.1,1959,44100
1553078636.7,105.2,1960,44100
1553078636.7,105.3,1957,44100
1553078636.7,105.4,1957,44100
1553078636.7,105.5,1959,44100
1553078636.7,105.6,1955,44100
1553078636.7,105.7,1946,44800
1553078640.2,105.8,1944,44800
1553078640.2,105.9,1947,44800
1553078640.2,106.0,1949,44800
1553078640.2,106.1,1955,44800
1553078640.2,106.2,1968,44800
1553078640.2,106.3,1968,44800
1553078640.2,106.4,1900,45220
1553078642.3,106.5,1902,45220
1553078642.3,106.6,1902,45220
1553078642.3,106.7,1903,45220
1553078642.3,106.8,1903,45220
1553078642.3,106.9,1902,45220
1553078642.3,107.0,1900,45220
1553078642.3,107.1,1955,47320
1553078653.0,107.2,1948,47320
1553078653.0,107.3,1945,47320
1553078653.0,107.4,1944,47320
1553078653.0,107.5,1942,47320
1553078653.0,107.6,1938,47320
1553078653.0,107.7,1939,47320
1553078653.0,107.8,1889,48020
1553078656.5,107.9,1890,48020
1553078656.5,108.0,1889,48020
1553078656.5,108.1,1891,48020
1553078656.5,108.2,1898,48020
1553078656.5,108.3,1900,48020
1553078656.5,108.4,1900,48020
1553078656.5,108.5,1899,48160
1553078657.1,108.6,1896,48160
1553078657.1,108.7,1898,48160
1553078657.1,108.8,1902,48160
1553078657.1,108.9,1903,48160
1553078657.1,109.0,1904,48160
1553078657.1,109.1,1911,48160
1553078657.1,109.2,1881,49140
1553078661.9,109.3,1885,49140
1553078661.9,109.4,1883,49140
1553078661.9,109.5,1878,49140
1553078661.9,109.6,1884,49140
1553078661.9,109.7,1884,49140
1553078661.9,109.8,1879,49140
1553078661.9,109.9,1874,49280
1553078662.6,110.0,1872,49280
1553078662.6,110.1,1870,49280
1553078662.6,110.2,1871,49280
1553078662.6,110.3,1871,49280
1553078662.6,110.4,1872,49280
1553078662.6,110.5,1870,49280
1553078662.6,110.6,1870,49420
1553078663.3,110.7,1867,49420
1553078663.3,110.8,1866,49420
1553078663.3,110.9,1867,49420
1553078663.3,111.0,1865,49420
1553078663.3,111.1,1867,49420
1553078663.3,111.2,1862,49420
1553078663.3,111.3,1861,49980
1553078666.2,111.4,1858,49980
1553078666.2,111.5,1859,49980
1553078666.2,111.6,1859,49980
1553078666.2,111.7,1858,49980
1553078666.2,111.8,1862,49980
1553078666.2,111.9,1865,49980
1553078666.2,112.0,1872,50540
1553078668.9,112.1,1872,50540
1553078668.9,112.2,1879,50540
1553078668.9,112.3,1886,50540
1553078668.9,112.4,1894,50540
1553078668.9,112.5,1893,50540
1553078668.9,112.6,1899,50540
1553078668.9,112.7,1895,50820
1553078670.4,112.8,1890,50820
1553078670.4,112.9,1888,50820
1553078670.4,113.0,1891,50820
1553078670.4,113.1,1892,50820
1553078670.4,113.2,1890,50820
1553078670.4,113.3,1892,50820
1553078670.4,113.4,1894,50960
1553078671.0,113.5,1894,50960
1553078671.0,113.6,1892,50960
1553078671.0,113.7,1893,50960
1553078671.0,113.8,1893,50960
1553078671.0,113.9,1892,50960
1553078671.0,114.0,1893,50960
1553078671.0,114.1,1896,51380
1553078673.3,114.2,1898,51380
1553078673.3,114.3,1900,51380
1553078673.3,114.4,1902,51380
1553078673.3,114.5,1904,51380
1553078673.3,114.6,1906,51380
1553078673.3,114.7,1903,51380
1553078673.3,114.8,1920,54040
1553078686.5,114.9,1919,54040
1553078686.5,115.0,1919,54040
1553078686.5,115.1,1915,54040
1553078686.5,115.2,1914,54040
1553078686.5,115.3,1912,54040
1553078686.5,115.4,1911,54040
1553078686.5,115.5,1892,55160
1553078692.0,115.6,1891,55160
1553078692.0,115.7,1893,55160
1553078692.0,115.8,1893,55160
1553078692.0,115.9,1895,55160
1553078692.0,116.0,1903,55160
1553078692.0,116.1,1922,55160
1553078692.0,116.2,1933,55300
1553078692.8,116.3,1938,55300
1553078692.8,116.4,1938,55300
1553078692.8,116.5,1936,55300
1553078692.8,116.6,1938,55300
1553078692.8,116.7,1936,55300
1553078692.8,116.8,1932,55300
1553078692.8,116.9,1943,55440
1553078693.5,117.0,1938,55440
1553078693.5,117.1,1932,55440
1553078693.5,117.2,1934,55440
1553078693.5,117.3,1933,55440
1553078693.5,117.4,1928,55440
1553078693.5,117.5,1926,55440
1553078693.5,117.6,1911,55720
1553078694.9,117.7,1915,55720
1553078694.9,117.8,1917,55720
1553078694.9,117.9,1919,55720
1553078694.9,118.0,1919,55720
1553078694.9,118.1,1923,55720
1553078694.9,118.2,1925,55720
1553078694.9,118.3,1942,55860
1553078695.5,118.4,1954,55860
1553078695.5,118.5,1956,55860
1553078695.5,118.6,1948,55860
1553078695.5,118.7,1945,55860
1553078695.5,118.8,1943,55860
1553078695.5,118.9,1946,55860
1553078695.5,119.0,1948,56000
1553078696.2,119.1,1945,56000
1553078696.2,119.2,1947,56000
1553078696.2,119.3,1963,56000
1553078696.2,119.4,1977,56000
1553078696.2,119.5,1984,56000
1553078696.2,119.6,1991,56000
1553078696.2,119.7,1953,57260
1553078702.6,119.8,1952,57260
1553078702.6,119.9,1948,57260
1553078702.6,120.0,1950,57260
1553078702.6,120.1,1951,57260
1553078702.6,120.2,1951,57260
1553078702.6,120.3,1951,57260
1553078702.6,120.4,1950,57400
1553078703.2,120.5,1955,57400
1553078703.2,120.6,1953,57400
1553078703.2,120.7,1953,57400
1553078703.2,120.8,1953,57400
1553078703.2,120.9,1952,57400
1553078703.2,121.0,1950,57400
1553078703.2,121.1,1947,57820
1553078705.3,121.2,1956,57820
1553078705.3,121.3,1955,57820
1553078705.3,121.4,1951,57820
1553078705.3,121.5,1955,57820
1553078705.3,121.6,1955,57820
1553078705.3,121.7,1953,57820
1553078705.3,121.8,1952,59220
1553078712.4,121.9,1955,59220
1553078712.4,122.0,1953,59220
1553078712.4,122.1,1953,59220
1553078712.4,122.2,1955,59220
1553078712.4,122.3,1952,59220
1553078712.4,122.4,1949,59220
1553078712.4,122.5,1959,59500
1553078713.8,122.6,1960,59500
1553078713.8,122.7,1962,59500
1553078713.8,122.8,1963,59500
1553078713.8,122.9,1960,59500
1553078713.8,123.0,1960,59500
1553078713.8,123.1,1961,59500
1553078713.8,123.2,1974,59780
1553078715.2,123.3,1971,59780
1553078715.2,123.4,1972,59780
1553078715.2,123.5,1973,59780
1553078715.2,123.6,1979,59780
1553078715.2,123.7,1984,59780
1553078715.2,123.8,1980,59780
1553078715.2,123.9,1974,59920
1553078715.9,124.0,1974,59920
1553078715.9,124.1,1974,59920
1553078715.9,124.2,1977,59920
1553078715.9,124.3,1976,59920
1553078715.9,124.4,1973,59920
1553078715.9,124.5,1974,59920
1553078715.9,124.6,1970,60620
1553078719.4,124.7,1970,60620
1553078719.4,124.8,1968,60620
1553078719.4,124.9,1968,60620
1553078719.4,125.0,1965,60620
1553078719.4,125.1,1966,60620
1553078719.4,125.2,1968,60620
1553078719.4,125.3,1924,61180
1553078722.2,125.4,1927,61180
1553078722.2,125.5,1921,61180
1553078722.2,125.6,1922,61180
1553078722.2,125.7,1917,61180
1553078722.2,125.8,1914,61180
1553078722.2,125.9,1914,61180
1553078722.2,126.0,1911,61320
1553078722.8,126.1,1909,61320
1553078722.8,126.2,1907,61320
1553078722.8,126.3,1907,61320
1553078722.8,126.4,1903,61320
1553078722.8,126.5,1904,61320
1553078722.8,126.6,1903,61320
1553078722.8,126.7,1911,61740
1553078724.9,126.8,1909,61740
1553078724.9,126.9,1909,61740
1553078724.9,127.0,1911,61740
1553078724.9,127.1,1911,61740
1553078724.9,127.2,1911,61740
1553078724.9,127.3,1918,61740
1553078724.9,127.4,1922,62020
1553078726.4,127.5,1922,62020
1553078726.4,127.6,1919,62020
1553078726.4,127.7,1921,62020
1553078726.4,127.8,1925,62020
1553078726.4,127.9,1920,62020
1553078726.4,128.0,1921,62020
1553078726.4,128.1,1907,62440
1553078728.6,128.2,1905,62440
1553078728.6,128.3,1903,62440
1553078728.6,128.4,1907,62440
1553078728.6,128.5,1906,62440
1553078728.6,128.6,1905,62440
1553078728.6,128.7,1952,62440
1553078728.6,128.8,2057,62580
1553078732.7,128.9,2173,62580
1553078732.7,129.0,2235,62580
1553078732.7,129.1,2250,62580
1553078732.7,129.2,2273,62580
1553078732.7,129.3,2286,62580
1553078732.7,129.4,2245,62580
1553078732.7,129.5,2441,63000
1553078733.3,129.6,2430,63000
1553078733.3,129.7,2417,63000
1553078733.3,129.8,2370,63000
1553078733.3,129.9,2324,63000
1553078733.3,130.0,2280,63000
1553078733.3,130.1,2243,63000
1553078733.3,130.2,2116,63140
1553078734.4,130.3,1998,63140
1553078734.4,130.4,1956,63140
1553078734.4,130.5,1993,63140
1553078734.4,130.6,1989,63140
1553078734.4,130.7,1979,63140
1553078734.4,130.8,1986,63140
1553078734.4,130.9,2003,63980
1553078736.9,131.0,1997,63980
1553078736.9,131.1,2009,63980
1553078736.9,131.2,2002,63980
1553078736.9,131.3,1991,63980
1553078736.9,131.4,1995,63980
1553078736.9,131.5,2008,63980
1553078736.9,131.6,1996,64120
1553078737.6,131.7,1966,64120
1553078737.6,131.8,1969,64120
1553078737.6,131.9,1988,64120
1553078737.6,132.0,1987,64120
1553078737.6,132.1,1986,64120
1553078737.6,132.2,1990,64120
1553078737.6,132.3,1981,64260
1553078737.9,132.4,1974,64260
1553078737.9,132.5,1959,64260
1553078737.9,132.6,1957,64260
1553078737.9,132.7,1953,64260
1553078737.9,132.8,1948,64260
1553078737.9,132.9,1950,64260
1553078737.9,133.0,1948,64400
1553078738.3,133.1,1948,64400
1553078738.3,133.2,1943,64400
1553078738.3,133.3,1941,64400
1553078738.3,133.4,1940,64400
1553078738.3,133.5,1930,64400
1553078738.3,133.6,1922,64400
1553078738.3,133.7,1941,64680
1553078739.8,133.8,1945,64680
1553078739.8,133.9,1950,64680
1553078739.8,134.0,1949,64680
1553078739.8,134.1,1946,64680
1553078739.8,134.2,1950,64680
1553078739.8,134.3,1951,64680
1553078739.8,134.4,1958,64820
1553078741.6,134.5,1951,64820
1553078741.6,134.6,1945,64820
1553078741.6,134.7,1950,64820
1553078741.6,134.8,1949,64820
1553078741.6,134.9,1954,64820
1553078741.6,135.0,1958,64820
1553078741.6,135.1,1999,65240
1553078742.5,135.2,1994,65240
1553078742.5,135.3,1974,65240
1553078742.5,135.4,1965,65240
1553078742.5,135.5,1977,65240
1553078742.5,135.6,1978,65240
1553078742.5,135.7,1978,65240
1553078742.5,135.8,1917,65520
1553078743.8,135.9,1919,65520
1553078743.8,136.0,1916,65520
1553078743.8,136.1,1921,65520
1553078743.8,136.2,1918,65520
1553078743.8,136.3,1920,65520
1553078743.8,136.4,1927,65520
1553078743.8,136.5,1926,124
1553078744.6,136.6,1924,124
1553078744.6,136.7,1925,124
1553078744.6,136.8,1919,124
1553078744.6,136.9,1909,124
1553078744.6,137.0,1914,124
1553078744.6,137.1,1917,124
1553078744.6,137.2,1920,264
1553078745.6,137.3,1924,264
1553078745.6,137.4,1923,264
1553078745.6,137.5,1922,264
1553078745.6,137.6,1922,264
1553078745.6,137.7,1922,264
1553078745.6,137.8,1916,264
1553078745.6,137.9,1921,684
1553078747.4,138.0,1914,684
1553078747.4,138.1,1911,684
1553078747.4,138.2,1921,684
1553078747.4,138.3,1927,684
1553078747.4,138.4,1925,684
1553078747.4,138.5,1919,684
1553078747.4,138.6,1917,824
1553078748.5,138.7,1916,824
1553078748.5,138.8,1917,824
1553078748.5,138.9,1913,824
1553078748.5,139.0,1911,824
1553078748.5,139.1,1916,824
1553078748.5,139.2,1911,824
1553078748.5,139.3,1913,964
1553078748.8,139.4,1914,964
1553078748.8,139.5,1916,964
1553078748.8,139.6,1928,964
1553078748.8,139.7,1938,964
1553078748.8,139.8,1943,964
1553078748.8,139.9,1951,964
1553078748.8,140.0,1981,1104
1553078749.8,140.1,2025,1104
1553078749.8,140.2,2026,1104
1553078749.8,140.3,1975,1104
1553078749.8,140.4,1944,1104
1553078749.8,140.5,1921,1104
1553078749.8,140.6,1911,1104
1553078749.8,140.7,1863,1524
1553078751.5,140.8,1864,1524
1553078751.5,140.9,1860,1524
1553078751.5,141.0,1857,1524
1553078751.5,141.1,1856,1524
1553078751.5,141.2,1855,1524
1553078751.5,141.3,1847,1524
1553078751.5,141.4,1842,1664
1553078752.2,141.5,1847,1664
1553078752.2,141.6,1850,1664
1553078752.2,141.7,1852,1664
1553078752.2,141.8,1856,1664
1553078752.2,141.9,1851,1664
1553078752.2,142.0,1855,1664
1553078752.2,142.1,1856,1804
1553078753.0,142.2,1847,1804
1553078753.0,142.3,1855,1804
1553078753.0,142.4,1864,1804
1553078753.0,142.5,1859,1804
1553078753.0,142.6,1859,1804
1553078753.0,142.7,1861,1804
1553078753.0,142.8,1873,2224
1553078755.4,142.9,1875,2224
1553078755.4,143.0,1871,2224
1553078755.4,143.1,1869,2224
1553078755.4,143.2,1866,2224
1553078755.4,143.3,1858,2224
1553078755.4,143.4,1876,2224
1553078755.4,143.5,1927,2504
1553078756.4,143.6,1918,2504
1553078756.4,143.7,1916,2504
1553078756.4,143.8,1915,2504
1553078756.4,143.9,1913,2504
1553078756.4,144.0,1914,2504
1553078756.4,144.1,1915,2504
1553078756.4,144.2,1918,2644
1553078757.2,144.3,1913,2644
1553078757.2,144.4,1915,2644
1553078757.2,144.5,1916,2644
1553078757.2,144.6,1917,2644
1553078757.2,144.7,1915,2644
1553078757.2,144.8,1916,2644
1553078757.2,144.9,1914,2784
1553078757.9,145.0,1911,2784
1553078757.9,145.1,1913,2784
1553078757.9,145.2,1914,2784
1553078757.9,145.3,1918,2784
1553078757.9,145.4,1916,2784
1553078757.9,145.5,1914,2784
1553078757.9,145.6,1924,3064
1553078759.4,145.7,1926,3064
1553078759.4,145.8,1923,3064
1553078759.4,145.9,1929,3064
1553078759.4,146.0,1929,3064
1553078759.4,146.1,1928,3064
1553078759.4,146.2,1936,3064
1553078759.4,146.3,1936,3204
1553078760.4,146.4,1933,3204
1553078760.4,146.5,1941,3204
1553078760.4,146.6,1940,3204
1553078760.4,146.7,1936,3204
1553078760.4,146.8,1937,3204
1553078760.4,146.9,1938,3204
1553078760.4,147.0,1932,3344
1553078760.9,147.1,1935,3344
1553078760.9,147.2,1936,3344
1553078760.9,147.3,1930,3344
1553078760.9,147.4,1935,3344
1553078760.9,147.5,1939,3344
1553078760.9,147.6,1945,3344
1553078760.9,147.7,1942,3484
1553078761.4,147.8,1939,3484
1553078761.4,147.9,1937,3484
1553078761.4,148.0,1944,3484
1553078761.4,148.1,1950,3484
1553078761.4,148.2,1952,3484
1553078761.4,148.3,1942,3484
1553078761.4,148.4,1931,3764
1553078762.7,148.5,1940,3764
1553078762.7,148.6,1938,3764
1553078762.7,148.7,1937,3764
1553078762.7,148.8,1940,3764
1553078762.7,148.9,1940,3764
1553078762.7,149.0,1938,3764
1553078762.7,149.1,1940,3904
1553078763.5,149.2,1937,3904
1553078763.5,149.3,1937,3904
1553078763.5,149.4,1931,3904
1553078763.5,149.5,1925,3904
1553078763.5,149.6,1925,3904
1553078763.5,149.7,1923,3904
1553078763.5,149.8,1920,4184
1553078764.8,149.9,1910,4184
1553078764.8,150.0,1912,4184
1553078764.8,150.1,1923,4184
1553078764.8,150.2,1940,4184
1553078764.8,150.3,1966,4184
1553078764.8,150.4,1968,4184
1553078764.8,150.5,1916,4604
1553078766.9,150.6,1906,4604
1553078766.9,150.7,1897,4604
1553078766.9,150.8,1874,4604
1553078766.9,150.9,1857,4604
1553078766.9,151.0,1846,4604
1553078766.9,151.1,1851,4604
1553078766.9,151.2,1866,4884
1553078768.3,151.3,1869,4884
1553078768.3,151.4,1871,4884
1553078768.3,151.5,1835,4884
1553078768.3,151.6,1826,4884
1553078768.3,151.7,1872,4884
1553078768.3,151.8,1905,4884
1553078768.3,151.9,1929,5024
1553078769.0,152.0,1965,5024
1553078769.0,152.1,2021,5024
1553078769.0,152.2,2054,5024
1553078769.0,152.3,2052,5024
1553078769.0,152.4,2052,5024
1553078769.0,152.5,2052,5024
1553078769.0,152.6,1870,5864
1553078773.2,152.7,1893,5864
1553078773.2,152.8,1891,5864
1553078773.2,152.9,1887,5864
1553078773.2,153.0,1883,5864
1553078773.2,153.1,1882,5864
1553078773.2,153.2,1888,5864
1553078773.2,153.3,1883,6004
1553078773.9,153.4,1879,6004
1553078773.9,153.5,1881,6004
1553078773.9,153.6,1884,6004
1553078773.9,153.7,1883,6004
1553078773.9,153.8,1888,6004
1553078773.9,153.9,1888,6004
1553078773.9,154.0,1891,6144
1553078774.6,154.1,1888,6144
1553078774.6,154.2,1887,6144
1553078774.6,154.3,1889,6144
1553078774.6,154.4,1890,6144
1553078774.6,154.5,1887,6144
1553078774.6,154.6,1890,6144
1553078774.6,154.7,1888,6284
1553078775.3,154.8,1885,6284
1553078775.3,154.9,1892,6284
1553078775.3,155.0,1908,6284
1553078775.3,155.1,1911,6284
1553078775.3,155.2,1913,6284
1553078775.3,155.3,1921,6284
1553078775.3,155.4,1938,6564
1553078776.7,155.5,1919,6564
1553078776.7,155.6,1906,6564
1553078776.7,155.7,1907,6564
1553078776.7,155.8,1893,6564
1553078776.7,155.9,1861,6564
1553078776.7,156.0,1865,6564
1553078776.7,156.1,1851,6704
1553078777.3,156.2,1843,6704
1553078777.3,156.3,1843,6704
1553078777.3,156.4,1846,6704
1553078777.3,156.5,1845,6704
1553078777.3,156.6,1853,6704
1553078777.3,156.7,1905,6704
1553078777.3,156.8,1944,6844
1553078778.1,156.9,1958,6844
1553078778.1,157.0,1965,6844
1553078778.1,157.1,1977,6844
1553078778.1,157.2,1985,6844
1553078778.1,157.3,1975,6844
1553078778.1,157.4,1961,6844
1553078778.1,157.5,1896,7124
1553078779.5,157.6,1892,7124
1553078779.5,157.7,1893,7124
1553078779.5,157.8,1886,7124
1553078779.5,157.9,1879,7124
1553078779.5,158.0,1880,7124
1553078779.5,158.1,1877,7124
1553078779.5,158.2,1886,7544
1553078781.5,158.3,1891,7544
1553078781.5,158.4,1895,7544
1553078781.5,158.5,1900,7544
1553078781.5,158.6,1901,7544
1553078781.5,158.7,1904,7544
1553078781.5,158.8,1907,7544
1553078781.5,158.9,1905,7684
1553078782.3,159.0,1905,7684
1553078782.3,159.1,1904,7684
1553078782.3,159.2,1899,7684
1553078782.3,159.3,1898,7684
1553078782.3,159.4,1898,7684
1553078782.3,159.5,1894,7684
1553078782.3,159.6,1927,8244
1553078785.1,159.7,1931,8244
1553078785.1,159.8,1936,8244
1553078785.1,159.9,1943,8244
1553078785.1,160.0,1954,8244
1553078785.1,160.1,1965,8244
1553078785.1,160.2,1974,8244
1553078785.1,160.3,1986,8804
1553078787.8,160.4,1984,8804
1553078787.8,160.5,1982,8804
1553078787.8,160.6,1983,8804
1553078787.8,160.7,1983,8804
1553078787.8,160.8,1978,8804
1553078787.8,160.9,1978,8804
1553078787.8,161.0,2002,9364
1553078790.8,161.1,2029,9364
1553078790.8,161.2,2089,9364
1553078790.8,161.3,2093,9364
1553078790.8,161.4,2051,9364
1553078790.8,161.5,2004,9364
1553078790.8,161.6,1989,9364
1553078790.8,161.7,1977,9504
1553078791.4,161.8,1992,9504
1553078791.4,161.9,1993,9504
1553078791.4,162.0,2003,9504
1553078791.4,162.1,2009,9504
1553078791.4,162.2,2002,9504
1553078791.4,162.3,1989,9504
1553078791.4,162.4,1958,9784
1553078792.9,162.5,1951,9784
1553078792.9,162.6,1959,9784
1553078792.9,162.7,1955,9784
1553078792.9,162.8,1947,9784
1553078792.9,162.9,1957,9784
1553078792.9,163.0,1951,9784
1553078792.9,163.1,1946,9924
1553078793.6,163.2,1948,9924
1553078793.6,163.3,1943,9924
1553078793.6,163.4,1934,9924
1553078793.6,163.5,1914,9924
1553078793.6,163.6,1903,9924
1553078793.6,163.7,1890,9924
1553078793.6,163.8,1870,10064
1553078794.2,163.9,1866,10064
1553078794.2,164.0,1859,10064
1553078794.2,164.1,1867,10064
1553078794.2,164.2,1870,10064
1553078794.2,164.3,1885,10064
1553078794.2,164.4,1900,10064
1553078794.2,164.5,1901,10344
1553078795.7,164.6,1907,10344
1553078795.7,164.7,1903,10344
1553078795.7,164.8,1896,10344
1553078795.7,164.9,1901,10344
1553078795.7,165.0,1911,10344
1553078795.7,165.1,1925,10344
1553078795.7,165.2,1931,10624
1553078797.0,165.3,1910,10624
1553078797.0,165.4,1906,10624
1553078797.0,165.5,1900,10624
1553078797.0,165.6,1885,10624
1553078797.0,165.7,1882,10624
1553078797.0,165.8,1877,10624
1553078797.0,165.9,1871,10904
1553078798.5,166.0,1873,10904
1553078798.5,166.1,1885,10904
1553078798.5,166.2,1892,10904
1553078798.5,166.3,1894,10904
1553078798.5,166.4,1896,10904
1553078798.5,166.5,1902,10904
1553078798.5,166.6,1863,12024
1553078804.0,166.7,1863,12024
1553078804.0,166.8,1863,12024
1553078804.0,166.9,1860,12024
1553078804.0,167.0,1861,12024
1553078804.0,167.1,1857,12024
1553078804.0,167.2,1857,12024
1553078804.0,167.3,1852,12584
1553078806.7,167.4,1851,12584
1553078806.7,167.5,1852,12584
1553078806.7,167.6,1851,12584
1553078806.7,167.7,1853,12584
1553078806.7,167.8,1856,12584
1553078806.7,167.9,1855,12584
1553078806.7,168.0,1894,13284
1553078810.2,168.1,1894,13284
1553078810.2,168.2,1894,13284
1553078810.2,168.3,1893,13284
1553078810.2,168.4,1894,13284
1553078810.2,168.5,1894,13284
1553078810.2,168.6,1894,13284
1553078810.2,168.7,1893,13424
1553078811.0,168.8,1890,13424
1553078811.0,168.9,1891,13424
1553078811.0,169.0,1891,13424
1553078811.0,169.1,1893,13424
1553078811.0,169.2,1891,13424
1553078811.0,169.3,1890,13424
1553078811.0,169.4,1934,14264
1553078815.1,169.5,1937,14264
1553078815.1,169.6,1938,14264
1553078815.1,169.7,1939,14264
1553078815.1,169.8,1939,14264
1553078815.1,169.9,1944,14264
1553078815.1,170.0,1942,14264
1553078815.1,170.1,1941,14404
1553078815.8,170.2,1943,14404
1553078815.8,170.3,1939,14404
1553078815.8,170.4,1935,14404
1553078815.8,170.5,1938,14404
1553078815.8,170.6,1944,14404
1553078815.8,170.7,1943,14404
1553078815.8,170.8,1926,14964
1553078818.6,170.9,1930,14964
1553078818.6,171.0,1932,14964
1553078818.6,171.1,1937,14964
1553078818.6,171.2,1942,14964
1553078818.6,171.3,1942,14964
1553078818.6,171.4,1945,14964
1553078818.6,171.5,1913,15384
1553078820.8,171.6,1913,15384
1553078820.8,171.7,1912,15384
1553078820.8,171.8,1912,15384
1553078820.8,171.9,1910,15384
1553078820.8,172.0,1909,15384
1553078820.8,172.1,1909,15384
1553078820.8,172.2,1902,15944
1553078823.6,172.3,1895,15944
1553078823.6,172.4,1897,15944
1553078823.6,172.5,1895,15944
1553078823.6,172.6,1889,15944
1553078823.6,172.7,1891,15944
1553078823.6,172.8,1891,15944
1553078823.6,172.9,1882,16364
1553078825.6,173.0,1873,16364
1553078825.6,173.1,1878,16364
1553078825.6,173.2,1877,16364
1553078825.6,173.3,1868,16364
1553078825.6,173.4,1870,16364
1553078825.6,173.5,1868,16364
1553078825.6,173.6,1927,17204
1553078829.8,173.7,1938,17204
1553078829.8,173.8,1944,17204
1553078829.8,173.9,1940,17204
1553078829.8,174.0,1956,17204
1553078829.8,174.1,1940,17204
1553078829.8,174.2,1914,17204
1553078829.8,174.3,1869,17624
1553078831.9,174.4,1865,17624
1553078831.9,174.5,1866,17624
1553078831.9,174.6,1861,17624
1553078831.9,174.7,1860,17624
1553078831.9,174.8,1859,17624
1553078831.9,174.9,1856,17624
1553078831.9,175.0,1840,18464
1553078836.1,175.1,1849,18464
1553078836.1,175.2,1865,18464
1553078836.1,175.3,1878,18464
1553078836.1,175.4,1886,18464
1553078836.1,175.5,1891,18464
1553078836.1,175.6,1894,18464
1553078836.1,175.7,1902,18604
1553078836.9,175.8,1908,18604
1553078836.9,175.9,1906,18604
1553078836.9,176.0,1889,18604
1553078836.9,176.1,1874,18604
1553078836.9,176.2,1871,18604
1553078836.9,176.3,1871,18604
1553078836.9,176.4,1867,18744
1553078837.5,176.5,1867,18744
1553078837.5,176.6,1869,18744
1553078837.5,176.7,1862,18744
1553078837.5,176.8,1857,18744
1553078837.5,176.9,1858,18744
1553078837.5,177.0,1855,18744
1553078837.5,177.1,1839,19304
1553078840.3,177.2,1839,19304
1553078840.3,177.3,1826,19304
1553078840.3,177.4,1826,19304
1553078840.3,177.5,1821,19304
1553078840.3,177.6,1815,19304
1553078840.3,177.7,1815,19304
1553078840.3,177.8,1817,19864
1553078843.1,177.9,1813,19864
1553078843.1,178.0,1817,19864
1553078843.1,178.1,1813,19864
1553078843.1,178.2,1820,19864
1553078843.1,178.3,1838,19864
1553078843.1,178.4,1854,19864
1553078843.1,178.5,1923,20284
1553078845.3,178.6,1917,20284
1553078845.3,178.7,1907,20284
1553078845.3,178.8,1903,20284
1553078845.3,178.9,1899,20284
1553078845.3,179.0,1897,20284
1553078845.3,179.1,1896,20284
1553078845.3,179.2,1878,20844
1553078848.1,179.3,1881,20844
1553078848.1,179.4,1891,20844
1553078848.1,179.5,1890,20844
1553078848.1,179.6,1887,20844
1553078848.1,179.7,1884,20844
1553078848.1,179.8,1882,20844
1553078848.1,179.9,1882,20984
1553078848.7,180.0,1879,20984
1553078848.7,180.1,1877,20984
1553078848.7,180.2,1873,20984
1553078848.7,180.3,1867,20984
1553078848.7,180.4,1872,20984
1553078848.7,180.5,1870,20984
1553078848.7,180.6,1904,21964
1553078853.7,180.7,1906,21964
1553078853.7,180.8,1906,21964
1553078853.7,180.9,1906,21964
1553078853.7,181.0,1906,21964
1553078853.7,181.1,1906,21964
1553078853.7,181.2,1907,21964
1553078853.7,181.3,1926,22384
1553078855.7,181.4,1926,22384
1553078855.7,181.5,1925,22384
1553078855.7,181.6,1931,22384
1553078855.7,181.7,1930,22384
1553078855.7,181.8,1929,22384
1553078855.7,181.9,1935,22384
1553078855.7,182.0,1924,22664
1553078857.2,182.1,1933,22664
1553078857.2,182.2,1930,22664
1553078857.2,182.3,1927,22664
1553078857.2,182.4,1928,22664
1553078857.2,182.5,1931,22664
1553078857.2,182.6,1924,22664
1553078857.2,182.7,1934,22804
1553078857.8,182.8,1938,22804
1553078857.8,182.9,1926,22804
1553078857.8,183.0,1935,22804
1553078857.8,183.1,1913,22804
1553078857.8,183.2,1875,22804
1553078857.8,183.3,1877,22804
1553078857.8,183.4,1864,23084
1553078859.2,183.5,1863,23084
1553078859.2,183.6,1863,23084
1553078859.2,183.7,1867,23084
1553078859.2,183.8,1881,23084
1553078859.2,183.9,1877,23084
1553078859.2,184.0,1859,23084
1553078859.2,184.1,1855,23224
1553078859.9,184.2,1850,23224
1553078859.9,184.3,1845,23224
1553078859.9,184.4,1845,23224
1553078859.9,184.5,1845,23224
1553078859.9,184.6,1844,23224
1553078859.9,184.7,1842,23224
1553078859.9,184.8,1841,23364
1553078860.7,184.9,1838,23364
1553078860.7,185.0,1839,23364
1553078860.7,185.1,1841,23364
1553078860.7,185.2,1840,23364
1553078860.7,185.3,1869,23364
1553078860.7,185.4,1884,23364
1553078860.7,185.5,1911,23644
1553078862.0,185.6,1902,23644
1553078862.0,185.7,1885,23644
1553078862.0,185.8,1874,23644
1553078862.0,185.9,1871,23644
1553078862.0,186.0,1866,23644
1553078862.0,186.1,1856,23644
1553078862.0,186.2,1865,23924
1553078863.5,186.3,1865,23924
1553078863.5,186.4,1865,23924
1553078863.5,186.5,1860,23924
1553078863.5,186.6,1859,23924
1553078863.5,186.7,1861,23924
1553078863.5,186.8,1863,23924
1553078863.5,186.9,1863,24064
1553078864.3,187.0,1863,24064
1553078864.3,187.1,1860,24064
1553078864.3,187.2,1866,24064
1553078864.3,187.3,1873,24064
1553078864.3,187.4,1875,24064
1553078864.3,187.5,1872,24064
1553078864.3,187.6,1875,24204
1553078868.0,187.7,1887,24204
1553078868.0,187.8,1994,24204
1553078868.0,187.9,1961,24204
1553078868.0,188.0,1909,24204
1553078868.0,188.1,1904,24204
1553078868.0,188.2,1901,24204
